b/h,a/h,T_0,P_OWC
0.5,0.1,4,6166.015694
0.5,0.1,4.25,7425.068412
0.5,0.1,4.5,7204.635913
0.5,0.1,4.75,6980.917023
0.5,0.1,5,6212.720913
0.5,0.1,5.25,6355.42018
0.5,0.1,5.5,5715.099508
0.5,0.1,5.75,5052.795294
0.5,0.1,6,4779.228816
0.5,0.1,6.25,4631.57279
0.5,0.1,6.5,4391.51674
0.5,0.1,6.75,4056.852581
0.5,0.1,7,3718.3345
0.5,0.1,7.25,3432.513563
0.5,0.1,7.5,3207.527144
0.5,0.1,7.75,3029.259522
0.5,0.1,8,2879.852913
0.5,0.1,8.25,2745.199069
0.5,0.1,8.5,2616.684631
0.5,0.1,8.75,2490.494703
0.5,0.1,9,2366.063011
0.5,0.1,9.25,2244.502271
0.5,0.1,9.5,2127.424536
0.5,0.1,9.75,2016.25286
0.5,0.1,10,1911.934502
0.5,0.1,10.25,1814.907568
0.5,0.1,10.5,1725.189165
0.5,0.1,10.75,1642.499381
0.5,0.1,11,1566.376913
0.5,0.1,11.25,1496.269708
0.5,0.1,11.5,1431.598624
0.5,0.1,11.75,1371.798232
0.5,0.1,12,1316.340475
0.5,0.1,12.25,1264.746414
0.5,0.1,12.5,1216.590227
0.5,0.1,12.75,1171.498461
0.5,0.1,13,1129.146601
0.5,0.1,13.25,1089.25432
0.5,0.1,13.5,1051.580254
0.5,0.1,13.75,1015.916822
0.5,0.1,14,982.0853747
0.5,0.1,14.25,949.9318166
0.5,0.1,14.5,919.3227524
0.5,0.1,14.75,890.1421592
0.5,0.1,15,862.2885514
0.5,0.2,4,4976.1138
0.5,0.2,4.25,8174.056407
0.5,0.2,4.5,8513.473073
0.5,0.2,4.75,9903.79625
0.5,0.2,5,8591.328449
0.5,0.2,5.25,8578.738496
0.5,0.2,5.5,7673.384563
0.5,0.2,5.75,6545.339498
0.5,0.2,6,5967.864062
0.5,0.2,6.25,5635.889127
0.5,0.2,6.5,5243.98912
0.5,0.2,6.75,4764.3291
0.5,0.2,7,4298.337572
0.5,0.2,7.25,3910.889398
0.5,0.2,7.5,3608.378659
0.5,0.2,7.75,3370.919513
0.5,0.2,8,3175.117663
0.5,0.2,8.25,3002.80536
0.5,0.2,8.5,2842.735415
0.5,0.2,8.75,2689.500431
0.5,0.2,9,2541.599115
0.5,0.2,9.25,2399.575978
0.5,0.2,9.5,2264.655332
0.5,0.2,9.75,2137.95163
0.5,0.2,10,2020.137598
0.5,0.2,10.25,1911.3966
0.5,0.2,10.5,1811.50981
0.5,0.2,10.75,1719.982878
0.5,0.2,11,1636.163767
0.5,0.2,11.25,1559.333944
0.5,0.2,11.5,1488.771087
0.5,0.2,11.75,1423.78793
0.5,0.2,12,1363.753467
0.5,0.2,12.25,1308.102141
0.5,0.2,12.5,1256.33539
0.5,0.2,12.75,1208.018681
0.5,0.2,13,1162.776146
0.5,0.2,13.25,1120.284181
0.5,0.2,13.5,1080.264837
0.5,0.2,13.75,1042.47949
0.5,0.2,14,1006.723041
0.5,0.2,14.25,972.8187568
0.5,0.2,14.5,940.6137846
0.5,0.2,14.75,909.9752966
0.5,0.2,15,880.7872291
0.5,0.3,4,2142.993736
0.5,0.3,4.25,3812.084421
0.5,0.3,4.5,5783.350646
0.5,0.3,4.75,9492.280971
0.5,0.3,5,10746.96592
0.5,0.3,5.25,11424.74889
0.5,0.3,5.5,11108.86623
0.5,0.3,5.75,9382.544479
0.5,0.3,6,8189.70109
0.5,0.3,6.25,7476.372085
0.5,0.3,6.5,6787.442172
0.5,0.3,6.75,6027.504262
0.5,0.3,7,5314.565433
0.5,0.3,7.25,4731.621994
0.5,0.3,7.5,4282.313617
0.5,0.3,7.75,3935.064669
0.5,0.3,8,3655.154964
0.5,0.3,8.25,3416.130676
0.5,0.3,8.5,3201.3564
0.5,0.3,8.75,3002.127088
0.5,0.3,9,2814.96375
0.5,0.3,9.25,2639.185281
0.5,0.3,9.5,2475.181603
0.5,0.3,9.75,2323.424808
0.5,0.3,10,2184.043248
0.5,0.3,10.25,2056.7377
0.5,0.3,10.5,1940.858329
0.5,0.3,10.75,1835.529734
0.5,0.3,11,1739.768052
0.5,0.3,11.25,1652.569923
0.5,0.3,11.5,1572.971348
0.5,0.3,11.75,1500.081705
0.5,0.3,12,1433.099811
0.5,0.3,12.25,1371.318119
0.5,0.3,12.5,1314.119707
0.5,0.3,12.75,1260.971319
0.5,0.3,13,1211.414592
0.5,0.3,13.25,1165.05679
0.5,0.3,13.5,1121.561829
0.5,0.3,13.75,1080.641999
0.5,0.3,14,1042.050575
0.5,0.3,14.25,1005.575362
0.5,0.3,14.5,971.0331499
0.5,0.3,14.75,938.2650061
0.5,0.3,15,907.1323112
0.5,0.4,4,853.5096665
0.5,0.4,4.25,1395.947497
0.5,0.4,4.5,2527.125357
0.5,0.4,4.75,4462.538364
0.5,0.4,5,7607.345872
0.5,0.4,5.25,10050.8417
0.5,0.4,5.5,12979.62542
0.5,0.4,5.75,13078.61719
0.5,0.4,6,11683.8083
0.5,0.4,6.25,10552.6723
0.5,0.4,6.5,9463.24605
0.5,0.4,6.75,8248.125215
0.5,0.4,7,7087.368683
0.5,0.4,7.25,6135.598826
0.5,0.4,7.5,5408.953877
0.5,0.4,7.75,4857.6423
0.5,0.4,8,4425.078896
0.5,0.4,8.25,4068.077922
0.5,0.4,8.5,3758.959784
0.5,0.4,8.75,3482.181094
0.5,0.4,9,3230.105567
0.5,0.4,9.25,2999.45167
0.5,0.4,9.5,2788.852725
0.5,0.4,9.75,2597.468618
0.5,0.4,10,2424.361909
0.5,0.4,10.25,2268.327294
0.5,0.4,10.5,2127.933804
0.5,0.4,10.75,2001.634753
0.5,0.4,11,1887.874858
0.5,0.4,11.25,1785.169275
0.5,0.4,11.5,1692.15173
0.5,0.4,11.75,1607.597556
0.5,0.4,12,1530.429207
0.5,0.4,12.25,1459.710874
0.5,0.4,12.5,1394.637086
0.5,0.4,12.75,1334.518617
0.5,0.4,13,1278.767754
0.5,0.4,13.25,1226.884131
0.5,0.4,13.5,1178.441749
0.5,0.4,13.75,1133.077451
0.5,0.4,14,1090.480907
0.5,0.4,14.25,1050.386043
0.5,0.4,14.5,1012.563777
0.5,0.4,14.75,976.815932
0.5,0.4,15,942.970152
0.5,0.5,4,396.1218515
0.5,0.5,4.25,603.6579233
0.5,0.5,4.5,1122.444294
0.5,0.5,4.75,1858.016131
0.5,0.5,5,3568.21473
0.5,0.5,5.25,5308.596081
0.5,0.5,5.5,8340.759534
0.5,0.5,5.75,11947.3513
0.5,0.5,6,13538.48622
0.5,0.5,6.25,13721.91106
0.5,0.5,6.5,13176.75103
0.5,0.5,6.75,11853.28445
0.5,0.5,7,10152.58405
0.5,0.5,7.25,8587.278881
0.5,0.5,7.5,7350.698469
0.5,0.5,7.75,6415.705955
0.5,0.5,8,5698.520003
0.5,0.5,8.25,5125.958069
0.5,0.5,8.5,4648.476819
0.5,0.5,8.75,4236.453395
0.5,0.5,9,3873.517607
0.5,0.5,9.25,3550.875542
0.5,0.5,9.5,3263.457202
0.5,0.5,9.75,3007.715409
0.5,0.5,10,2780.583345
0.5,0.5,10.25,2579.105912
0.5,0.5,10.5,2400.389769
0.5,0.5,10.75,2241.664742
0.5,0.5,11,2100.357586
0.5,0.5,11.25,1974.142367
0.5,0.5,11.5,1860.961962
0.5,0.5,11.75,1759.026565
0.5,0.5,12,1666.797295
0.5,0.5,12.25,1582.961866
0.5,0.5,12.5,1506.407219
0.5,0.5,12.75,1436.192232
0.5,0.5,13,1371.522228
0.5,0.5,13.25,1311.726108
0.5,0.5,13.5,1256.236403
0.5,0.5,13.75,1204.572157
0.5,0.5,14,1156.324451
0.5,0.5,14.25,1111.144272
0.5,0.5,14.5,1068.732398
0.5,0.5,14.75,1028.831026
0.5,0.5,15,991.2168511
0.5,0.6,4,214.1450869
0.5,0.6,4.25,309.0116283
0.5,0.6,4.5,564.5755816
0.5,0.6,4.75,876.0259608
0.5,0.6,5,1672.410484
0.5,0.6,5.25,2505.481
0.5,0.6,5.5,3920.140419
0.5,0.6,5.75,6412.186774
0.5,0.6,6,9277.461075
0.5,0.6,6.25,11814.80224
0.5,0.6,6.5,13960.31022
0.5,0.6,6.75,15010.01271
0.5,0.6,7,14344.47629
0.5,0.6,7.25,12598.20888
0.5,0.6,7.5,10730.00034
0.5,0.6,7.75,9160.759369
0.5,0.6,8,7926.657914
0.5,0.6,8.25,6951.993753
0.5,0.6,8.5,6160.4144
0.5,0.6,8.75,5498.697257
0.5,0.6,9,4933.995545
0.5,0.6,9.25,4446.512789
0.5,0.6,9.5,4023.582409
0.5,0.6,9.75,3656.060048
0.5,0.6,10,3336.50296
0.5,0.6,10.25,3058.412202
0.5,0.6,10.5,2815.986868
0.5,0.6,10.75,2604.071327
0.5,0.6,11,2418.145539
0.5,0.6,11.25,2254.304347
0.5,0.6,11.5,2109.215728
0.5,0.6,11.75,1980.063622
0.5,0.6,12,1864.483843
0.5,0.6,12.25,1760.499911
0.5,0.6,12.5,1666.463091
0.5,0.6,12.75,1580.998839
0.5,0.6,13,1502.96036
0.5,0.6,13.25,1431.38916
0.5,0.6,13.5,1365.481985
0.5,0.6,13.75,1304.563406
0.5,0.6,14,1248.063202
0.5,0.6,14.25,1195.49782
0.5,0.6,14.5,1146.455186
0.5,0.6,14.75,1100.582312
0.5,0.6,15,1057.57518
0.5,0.7,4,129.9731107
0.5,0.7,4.25,178.2909536
0.5,0.7,4.5,314.4524545
0.5,0.7,4.75,461.822164
0.5,0.7,5,854.2375882
0.5,0.7,5.25,1248.800857
0.5,0.7,5.5,1851.239517
0.5,0.7,5.75,2962.794162
0.5,0.7,6,4519.349638
0.5,0.7,6.25,6358.211418
0.5,0.7,6.5,8658.821612
0.5,0.7,6.75,11522.4716
0.5,0.7,7,14261.60696
0.5,0.7,7.25,15586.82399
0.5,0.7,7.5,15096.05958
0.5,0.7,7.75,13586.46723
0.5,0.7,8,11873.69534
0.5,0.7,8.25,10311.575
0.5,0.7,8.5,8974.22889
0.5,0.7,8.75,7843.838086
0.5,0.7,9,6887.234695
0.5,0.7,9.25,6075.645193
0.5,0.7,9.5,5386.316602
0.5,0.7,9.75,4800.669325
0.5,0.7,10,4302.845673
0.5,0.7,10.25,3879.042897
0.5,0.7,10.5,3517.274412
0.5,0.7,10.75,3207.259509
0.5,0.7,11,2940.306205
0.5,0.7,11.25,2709.156691
0.5,0.7,11.5,2507.807172
0.5,0.7,11.75,2331.322183
0.5,0.7,12,2175.658956
0.5,0.7,12.25,2037.510574
0.5,0.7,12.5,1914.171192
0.5,0.7,12.75,1803.423174
0.5,0.7,13,1703.444178
0.5,0.7,13.25,1612.731535
0.5,0.7,13.5,1530.041136
0.5,0.7,13.75,1454.338251
0.5,0.7,14,1384.758041
0.5,0.7,14.25,1320.573884
0.5,0.7,14.5,1261.171951
0.5,0.7,14.75,1206.030782
0.5,0.7,15,1154.704864
0.5,0.8,4,84.55874877
0.5,0.8,4.25,109.7087757
0.5,0.8,4.5,184.1378678
0.5,0.8,4.75,256.2860114
0.5,0.8,5,456.0247552
0.5,0.8,5.25,644.663886
0.5,0.8,5.5,902.3841609
0.5,0.8,5.75,1366.466494
0.5,0.8,6,2023.431402
0.5,0.8,6.25,2813.114505
0.5,0.8,6.5,3824.147828
0.5,0.8,6.75,5265.165404
0.5,0.8,7,7316.354814
0.5,0.8,7.25,9939.402093
0.5,0.8,7.5,12664.74645
0.5,0.8,7.75,14697.53843
0.5,0.8,8,15494.18549
0.5,0.8,8.25,15121.97011
0.5,0.8,8.5,14003.40944
0.5,0.8,8.75,12553.72989
0.5,0.8,9,11048.0868
0.5,0.8,9.25,9634.86829
0.5,0.8,9.5,8379.191095
0.5,0.8,9.75,7298.069201
0.5,0.8,10,6383.525729
0.5,0.8,10.25,5616.600982
0.5,0.8,10.5,4975.207543
0.5,0.8,10.75,4438.091045
0.5,0.8,11,3986.509307
0.5,0.8,11.25,3604.6899
0.5,0.8,11.5,3279.703241
0.5,0.8,11.75,3001.102501
0.5,0.8,12,2760.507759
0.5,0.8,12.25,2551.214555
0.5,0.8,12.5,2367.856597
0.5,0.8,12.75,2206.128133
0.5,0.8,13,2062.561203
0.5,0.8,13.25,1934.349439
0.5,0.8,13.5,1819.209746
0.5,0.8,13.75,1715.274082
0.5,0.8,14,1621.004841
0.5,0.8,14.25,1535.128617
0.5,0.8,14.5,1456.584243
0.5,0.8,14.75,1384.481896
0.5,0.8,15,1318.070804
1,0.1,4,1737.438941
1,0.1,4.25,3768.818453
1,0.1,4.5,5528.101463
1,0.1,4.75,7344.316836
1,0.1,5,8142.823353
1,0.1,5.25,9723.829227
1,0.1,5.5,10157.07568
1,0.1,5.75,10060.43597
1,0.1,6,10286.93607
1,0.1,6.25,10608.15653
1,0.1,6.5,10655.79204
1,0.1,6.75,10385.69729
1,0.1,7,9970.950015
1,0.1,7.25,9561.788725
1,0.1,7.5,9214.590495
1,0.1,7.75,8925.226129
1,0.1,8,8668.458725
1,0.1,8.25,8419.581711
1,0.1,8.5,8162.657407
1,0.1,8.75,7891.479795
1,0.1,9,7607.20817
1,0.1,9.25,7315.101876
1,0.1,9.5,7021.719376
1,0.1,9.75,6733.106766
1,0.1,10,6453.932784
1,0.1,10.25,6187.293367
1,0.1,10.5,5934.882427
1,0.1,10.75,5697.305674
1,0.1,11,5474.406781
1,0.1,11.25,5265.545654
1,0.1,11.5,5069.811009
1,0.1,11.75,4886.17062
1,0.1,12,4713.570607
1,0.1,12.25,4550.996536
1,0.1,12.5,4397.507523
1,0.1,12.75,4252.252165
1,0.1,13,4114.472819
1,0.1,13.25,3983.502792
1,0.1,13.5,3858.759591
1,0.1,13.75,3739.736269
1,0.1,14,3625.992171
1,0.1,14.25,3517.143892
1,0.1,14.5,3412.856866
1,0.1,14.75,3312.837824
1,0.1,15,3216.828201
1,0.2,4,1253.703699
1,0.2,4.25,2857.754861
1,0.2,4.5,4184.102508
1,0.2,4.75,6461.209992
1,0.2,5,7525.420477
1,0.2,5.25,9500.667873
1,0.2,5.5,10685.22008
1,0.2,5.75,10881.4726
1,0.2,6,11207.69716
1,0.2,6.25,11663.66793
1,0.2,6.5,11841.81101
1,0.2,6.75,11615.6977
1,0.2,7,11157.83467
1,0.2,7.25,10663.79574
1,0.2,7.5,10225.00889
1,0.2,7.75,9851.823957
1,0.2,8,9521.445896
1,0.2,8.25,9207.165709
1,0.2,8.5,8890.408095
1,0.2,8.75,8563.10056
1,0.2,9,8225.530545
1,0.2,9.25,7882.818522
1,0.2,9.5,7541.750711
1,0.2,9.75,7208.678078
1,0.2,10,6888.487525
1,0.2,10.25,6584.348353
1,0.2,10.5,6297.888961
1,0.2,10.75,6029.544585
1,0.2,11,5778.922692
1,0.2,11.25,5545.114938
1,0.2,11.5,5326.934498
1,0.2,11.75,5123.08248
1,0.2,12,4932.256595
1,0.2,12.25,4753.216772
1,0.2,12.5,4584.82061
1,0.2,12.75,4426.038733
1,0.2,13,4275.957425
1,0.2,13.25,4133.773693
1,0.2,13.5,3998.78624
1,0.2,13.75,3870.384587
1,0.2,14,3748.037783
1,0.2,14.25,3631.283513
1,0.2,14.5,3519.718086
1,0.2,14.75,3412.9875
1,0.2,15,3310.779654
1,0.3,4,742.3518958
1,0.3,4.25,1718.991244
1,0.3,4.5,2494.159822
1,0.3,4.75,4411.476462
1,0.3,5,5629.917929
1,0.3,5.25,7620.430585
1,0.3,5.5,9729.849835
1,0.3,5.75,10761.46538
1,0.3,6,11518.93094
1,0.3,6.25,12387.17133
1,0.3,6.5,13011.64553
1,0.3,6.75,13104.60371
1,0.3,7,12765.55876
1,0.3,7.25,12250.07226
1,0.3,7.5,11729.27921
1,0.3,7.75,11259.50139
1,0.3,8,10835.07918
1,0.3,8.25,10432.42274
1,0.3,8.5,10031.51198
1,0.3,8.75,9622.547947
1,0.3,9,9205.154555
1,0.3,9.25,8784.82009
1,0.3,9.5,8369.238292
1,0.3,9.75,7965.731256
1,0.3,10,7579.930822
1,0.3,10.25,7215.421306
1,0.3,10.5,6873.933091
1,0.3,10.75,6555.761827
1,0.3,11,6260.215948
1,0.3,11.25,5985.999615
1,0.3,11.5,5731.502904
1,0.3,11.75,5495.003571
1,0.3,12,5274.79706
1,0.3,12.25,5069.273417
1,0.3,12.5,4876.957365
1,0.3,12.75,4696.524163
1,0.3,13,4526.800383
1,0.3,13.25,4366.755931
1,0.3,13.5,4215.491498
1,0.3,13.75,4072.224137
1,0.3,14,3936.272612
1,0.3,14.25,3807.04347
1,0.3,14.5,3684.018336
1,0.3,14.75,3566.742642
1,0.3,15,3454.815837
1,0.4,4,408.368615
1,0.4,4.25,929.4051441
1,0.4,4.5,1329.097378
1,0.4,4.75,2496.02646
1,0.4,5,3454.090709
1,0.4,5.25,4866.649862
1,0.4,5.5,6947.82484
1,0.4,5.75,8657.243119
1,0.4,6,9994.317305
1,0.4,6.25,11439.55353
1,0.4,6.5,12851.39301
1,0.4,6.75,13788.16207
1,0.4,7,14071.77234
1,0.4,7.25,13883.81717
1,0.4,7.5,13483.64422
1,0.4,7.75,13027.20333
1,0.4,8,12567.33903
1,0.4,8.25,12105.86046
1,0.4,8.5,11631.71438
1,0.4,8.75,11138.40585
1,0.4,9,10628.1004
1,0.4,9.25,10109.43774
1,0.4,9.5,9593.647526
1,0.4,9.75,9091.352797
1,0.4,10,8610.796546
1,0.4,10.25,8157.323249
1,0.4,10.5,7733.6326
1,0.4,10.75,7340.366015
1,0.4,11,6976.742592
1,0.4,11.25,6641.106284
1,0.4,11.5,6331.340747
1,0.4,11.75,6045.157103
1,0.4,12,5780.278692
1,0.4,12.25,5534.549963
1,0.4,12.5,5305.99312
1,0.4,12.75,5092.830723
1,0.4,13,4893.487293
1,0.4,13.25,4706.578866
1,0.4,13.5,4530.896329
1,0.4,13.75,4365.386262
1,0.4,14,4209.131498
1,0.4,14.25,4061.332685
1,0.4,14.5,3921.291499
1,0.4,14.75,3788.395768
1,0.4,15,3662.106541
1,0.5,4,229.142721
1,0.5,4.25,506.3751218
1,0.5,4.5,711.9947821
1,0.5,4.75,1352.43337
1,0.5,5,1956.649733
1,0.5,5.25,2771.144862
1,0.5,5.5,4151.158714
1,0.5,5.75,5646.301086
1,0.5,6,7012.830994
1,0.5,6.25,8549.316108
1,0.5,6.5,10355.03853
1,0.5,6.75,12139.00246
1,0.5,7,13493.81301
1,0.5,7.25,14249.14533
1,0.5,7.5,14515.10389
1,0.5,7.75,14480.97481
1,0.5,8,14277.56196
1,0.5,8.25,13964.20356
1,0.5,8.5,13561.54562
1,0.5,8.75,13080.11833
1,0.5,9,12533.94352
1,0.5,9.25,11942.7959
1,0.5,9.5,11329.06804
1,0.5,9.75,10713.74461
1,0.5,10,10113.69648
1,0.5,10.25,9540.723185
1,0.5,10.5,9001.870642
1,0.5,10.75,8500.375641
1,0.5,11,8036.750402
1,0.5,11.25,7609.744516
1,0.5,11.5,7217.08961
1,0.5,11.75,6856.025498
1,0.5,12,6523.645554
1,0.5,12.25,6217.107525
1,0.5,12.5,5933.750987
1,0.5,12.75,5671.153486
1,0.5,13,5427.148374
1,0.5,13.25,5199.820095
1,0.5,13.5,4987.487208
1,0.5,13.75,4788.679672
1,0.5,14,4602.114351
1,0.5,14.25,4426.671027
1,0.5,14.5,4261.37014
1,0.5,14.75,4105.35282
1,0.5,15,3957.863381
1,0.6,4,136.1801288
1,0.6,4.25,290.4116694
1,0.6,4.5,399.9155895
1,0.6,4.75,753.5859723
1,0.6,5,1109.072028
1,0.6,5.25,1551.328017
1,0.6,5.5,2332.674193
1,0.6,5.75,3291.171906
1,0.6,6,4250.955969
1,0.6,6.25,5357.526305
1,0.6,6.5,6778.579241
1,0.6,6.75,8490.997056
1,0.6,7,10280.52067
1,0.6,7.25,11876.79551
1,0.6,7.5,13121.2058
1,0.6,7.75,14003.37925
1,0.6,8,14580.85534
1,0.6,8.25,14906.04735
1,0.6,8.5,15007.05253
1,0.6,8.75,14899.6768
1,0.6,9,14603.34713
1,0.6,9.25,14148.6203
1,0.6,9.5,13575.47549
1,0.6,9.75,12926.7925
1,0.6,10,12241.75682
1,0.6,10.25,11551.79676
1,0.6,10.5,10879.38164
1,0.6,10.75,10238.80202
1,0.6,11,9637.862374
1,0.6,11.25,9079.718942
1,0.6,11.5,8564.468917
1,0.6,11.75,8090.363944
1,0.6,12,7654.662915
1,0.6,12.25,7254.193625
1,0.6,12.5,6885.701122
1,0.6,12.75,6546.04944
1,0.6,13,6232.327341
1,0.6,13.25,5941.893906
1,0.6,13.5,5672.38811
1,0.6,13.75,5421.718119
1,0.6,14,5188.040222
1,0.6,14.25,4969.733426
1,0.6,14.5,4765.373265
1,0.6,14.75,4573.706787
1,0.6,15,4393.629682
1,0.7,4,85.92112719
1,0.7,4.25,175.3697012
1,0.7,4.5,234.8390605
1,0.7,4.75,435.0047069
1,0.7,5,640.4348525
1,0.7,5.25,877.8096404
1,0.7,5.5,1298.653047
1,0.7,5.75,1839.780679
1,0.7,6,2399.352739
1,0.7,6.25,3038.82872
1,0.7,6.5,3874.845219
1,0.7,6.75,4963.087663
1,0.7,7,6274.241762
1,0.7,7.25,7711.114235
1,0.7,7.5,9160.084654
1,0.7,7.75,10540.61684
1,0.7,8,11813.28986
1,0.7,8.25,12955.64357
1,0.7,8.5,13938.70632
1,0.7,8.75,14721.27382
1,0.7,9,15260.15844
1,0.7,9.25,15526.66469
1,0.7,9.5,15518.97961
1,0.7,9.75,15264.31438
1,0.7,10,14811.19254
1,0.7,10.25,14217.11347
1,0.7,10.5,13537.35519
1,0.7,10.75,12818.04111
1,0.7,11,12093.64892
1,0.7,11.25,11387.57251
1,0.7,11.5,10714.14924
1,0.7,11.75,10081.02343
1,0.7,12,9491.256457
1,0.7,12.25,8944.976267
1,0.7,12.5,8440.564534
1,0.7,12.75,7975.461661
1,0.7,13,7546.686554
1,0.7,13.25,7151.156595
1,0.7,13.5,6785.873798
1,0.7,13.75,6448.024559
1,0.7,14,6135.025448
1,0.7,14.25,5844.536547
1,0.7,14.5,5574.456199
1,0.7,14.75,5322.905908
1,0.7,15,5088.210705
1,0.8,4,56.32116633
1,0.8,4.25,108.5531478
1,0.8,4.5,139.7329378
1,0.8,4.75,252.3482136
1,0.8,5,367.1741547
1,0.8,5.25,490.1082029
1,0.8,5.5,705.9841029
1,0.8,5.75,986.5440236
1,0.8,6,1276.004154
1,0.8,6.25,1596.997134
1,0.8,6.5,2009.375033
1,0.8,6.75,2553.349774
1,0.8,7,3238.931556
1,0.8,7.25,4050.610927
1,0.8,7.5,4960.525997
1,0.8,7.75,5945.033133
1,0.8,8,6993.423476
1,0.8,8.25,8104.392463
1,0.8,8.5,9275.404243
1,0.8,8.75,10491.72524
1,0.8,9,11719.09543
1,0.8,9.25,12902.13421
1,0.8,9.5,13969.8799
1,0.8,9.75,14848.28981
1,0.8,10,15476.50891
1,0.8,10.25,15820.91719
1,0.8,10.5,15881.26038
1,0.8,10.75,15687.03184
1,0.8,11,15286.99491
1,0.8,11.25,14736.9799
1,0.8,11.5,14090.1059
1,0.8,11.75,13391.09251
1,0.8,12,12674.27596
1,0.8,12.25,11964.05998
1,0.8,12.5,11276.54562
1,0.8,12.75,10621.4715
1,0.8,13,10003.99951
1,0.8,13.25,9426.164604
1,0.8,13.5,8887.966059
1,0.8,13.75,8388.14738
1,0.8,14,7924.732263
1,0.8,14.25,7495.380973
1,0.8,14.5,7097.619833
1,0.8,14.75,6728.983695
1,0.8,15,6387.100201
1.5,0.1,4,3719.383794
1.5,0.1,4.25,730.4417205
1.5,0.1,4.5,47.11006243
1.5,0.1,4.75,1091.03974
1.5,0.1,5,2658.944948
1.5,0.1,5.25,4750.040402
1.5,0.1,5.5,6388.202626
1.5,0.1,5.75,7623.789662
1.5,0.1,6,8955.898759
1.5,0.1,6.25,10269.51496
1.5,0.1,6.5,11252.54102
1.5,0.1,6.75,11816.076
1.5,0.1,7,12093.17702
1.5,0.1,7.25,12241.07596
1.5,0.1,7.5,12344.98128
1.5,0.1,7.75,12426.29291
1.5,0.1,8,12475.30167
1.5,0.1,8.25,12475.31891
1.5,0.1,8.5,12414.91862
1.5,0.1,8.75,12291.72942
1.5,0.1,9,12111.39299
1.5,0.1,9.25,11884.52623
1.5,0.1,9.5,11623.57104
1.5,0.1,9.75,11340.47035
1.5,0.1,10,11045.36631
1.5,0.1,10.25,10746.13628
1.5,0.1,10.5,10448.45939
1.5,0.1,10.75,10156.14573
1.5,0.1,11,9871.54694
1.5,0.1,11.25,9595.947858
1.5,0.1,11.5,9329.895294
1.5,0.1,11.75,9073.45334
1.5,0.1,12,8826.390827
1.5,0.1,12.25,8588.312788
1.5,0.1,12.5,8358.748765
1.5,0.1,12.75,8137.209364
1.5,0.1,13,7923.220303
1.5,0.1,13.25,7716.341051
1.5,0.1,13.5,7516.173263
1.5,0.1,13.75,7322.362756
1.5,0.1,14,7134.597603
1.5,0.1,14.25,6952.604133
1.5,0.1,14.5,6776.141975
1.5,0.1,14.75,6604.998897
1.5,0.1,15,6438.985878
1.5,0.2,4,7984.007478
1.5,0.2,4.25,1432.894879
1.5,0.2,4.5,47.8695422
1.5,0.2,4.75,1042.04789
1.5,0.2,5,2392.615222
1.5,0.2,5.25,4250.123588
1.5,0.2,5.5,5870.456974
1.5,0.2,5.75,7144.261399
1.5,0.2,6,8527.487611
1.5,0.2,6.25,9979.79134
1.5,0.2,6.5,11185.50519
1.5,0.2,6.75,11974.09749
1.5,0.2,7,12421.01971
1.5,0.2,7.25,12681.17414
1.5,0.2,7.5,12859.44814
1.5,0.2,7.75,12994.14728
1.5,0.2,8,13084.34041
1.5,0.2,8.25,13116.18076
1.5,0.2,8.5,13078.26342
1.5,0.2,8.75,12967.6484
1.5,0.2,9,12789.96126
1.5,0.2,9.25,12556.64914
1.5,0.2,9.5,12281.63753
1.5,0.2,9.75,11978.65152
1.5,0.2,10,11659.59808
1.5,0.2,10.25,11333.90256
1.5,0.2,10.5,11008.48945
1.5,0.2,10.75,10688.105
1.5,0.2,11,10375.76432
1.5,0.2,11.25,10073.19554
1.5,0.2,11.5,9781.221615
1.5,0.2,11.75,9500.061732
1.5,0.2,12,9229.555558
1.5,0.2,12.25,8969.322504
1.5,0.2,12.5,8718.870204
1.5,0.2,12.75,8477.665254
1.5,0.2,13,8245.176951
1.5,0.2,13.25,8020.902375
1.5,0.2,13.5,7804.378973
1.5,0.2,13.75,7595.189106
1.5,0.2,14,7392.959663
1.5,0.2,14.25,7197.358863
1.5,0.2,14.5,7008.091672
1.5,0.2,14.75,6824.894721
1.5,0.2,15,6647.531302
1.5,0.3,4,4448.461096
1.5,0.3,4.25,4634.573429
1.5,0.3,4.5,49.93555673
1.5,0.3,4.75,907.2777848
1.5,0.3,5,1923.458108
1.5,0.3,5.25,3377.033424
1.5,0.3,5.5,4825.604804
1.5,0.3,5.75,6050.329546
1.5,0.3,6,7401.514547
1.5,0.3,6.25,8936.339881
1.5,0.3,6.5,10396.56271
1.5,0.3,6.75,11531.21826
1.5,0.3,7,12301.62115
1.5,0.3,7.25,12815.73177
1.5,0.3,7.5,13186.2549
1.5,0.3,7.75,13472.47015
1.5,0.3,8,13688.17969
1.5,0.3,8.25,13825.62799
1.5,0.3,8.5,13874.05182
1.5,0.3,8.75,13829.30919
1.5,0.3,9,13696.37813
1.5,0.3,9.25,13487.58484
1.5,0.3,9.5,13219.18444
1.5,0.3,9.75,12908.10767
1.5,0.3,10,12569.70724
1.5,0.3,10.25,12216.6239
1.5,0.3,10.5,11858.51252
1.5,0.3,10.75,11502.28442
1.5,0.3,11,11152.58241
1.5,0.3,11.25,10812.30457
1.5,0.3,11.5,10483.08032
1.5,0.3,11.75,10165.6603
1.5,0.3,12,9860.215183
1.5,0.3,12.25,9566.553561
1.5,0.3,12.5,9284.274567
1.5,0.3,12.75,9012.870758
1.5,0.3,13,8751.794712
1.5,0.3,13.25,8500.500001
1.5,0.3,13.5,8258.464652
1.5,0.3,13.75,8025.202964
1.5,0.3,14,7800.269908
1.5,0.3,14.25,7583.260999
1.5,0.3,14.5,7373.809616
1.5,0.3,14.75,7171.583059
1.5,0.3,15,6976.278173
1.5,0.4,4,1236.891998
1.5,0.4,4.25,11259.73598
1.5,0.4,4.5,51.23507405
1.5,0.4,4.75,718.6091136
1.5,0.4,5,1400.04196
1.5,0.4,5.25,2406.614265
1.5,0.4,5.5,3530.521527
1.5,0.4,5.75,4557.481967
1.5,0.4,6,5712.216981
1.5,0.4,6.25,7118.263783
1.5,0.4,6.5,8641.629028
1.5,0.4,6.75,10044.21206
1.5,0.4,7,11182.49251
1.5,0.4,7.25,12063.03149
1.5,0.4,7.5,12759.53567
1.5,0.4,7.75,13332.6295
1.5,0.4,8,13806.59518
1.5,0.4,8.25,14179.23545
1.5,0.4,8.5,14438.6518
1.5,0.4,8.75,14575.94556
1.5,0.4,9,14591.40543
1.5,0.4,9.25,14495.13835
1.5,0.4,9.5,14304.34322
1.5,0.4,9.75,14039.49325
1.5,0.4,10,13720.98616
1.5,0.4,10.25,13366.95044
1.5,0.4,10.5,12992.22054
1.5,0.4,10.75,12608.17477
1.5,0.4,11,12223.07419
1.5,0.4,11.25,11842.61567
1.5,0.4,11.5,11470.51749
1.5,0.4,11.75,11109.04418
1.5,0.4,12,10759.43487
1.5,0.4,12.25,10422.23247
1.5,0.4,12.5,10097.52565
1.5,0.4,12.75,9785.120317
1.5,0.4,13,9484.657618
1.5,0.4,13.25,9195.692375
1.5,0.4,13.5,8917.743575
1.5,0.4,13.75,8650.325414
1.5,0.4,14,8392.965238
1.5,0.4,14.25,8145.212902
1.5,0.4,14.5,7906.644683
1.5,0.4,14.75,7676.863902
1.5,0.4,15,7455.49969
1.5,0.5,4,474.5388432
1.5,0.5,4.25,2188.0513
1.5,0.5,4.5,50.00045432
1.5,0.5,4.75,528.3858559
1.5,0.5,5,954.5557158
1.5,0.5,5.25,1597.43632
1.5,0.5,5.5,2372.079094
1.5,0.5,5.75,3122.000323
1.5,0.5,6,3974.267981
1.5,0.5,6.25,5057.746414
1.5,0.5,6.5,6347.599526
1.5,0.5,6.75,7704.702394
1.5,0.5,7,8984.092255
1.5,0.5,7.25,10119.66334
1.5,0.5,7.5,11119.49675
1.5,0.5,7.75,12014.54089
1.5,0.5,8,12822.40335
1.5,0.5,8.25,13539.0925
1.5,0.5,8.5,14146.30255
1.5,0.5,8.75,14622.73194
1.5,0.5,9,14953.42612
1.5,0.5,9.25,15134.73711
1.5,0.5,9.5,15174.76422
1.5,0.5,9.75,15090.61729
1.5,0.5,10,14904.36655
1.5,0.5,10.25,14639.23534
1.5,0.5,10.5,14316.86173
1.5,0.5,10.75,13955.78759
1.5,0.5,11,13570.94455
1.5,0.5,11.25,13173.78507
1.5,0.5,11.5,12772.7447
1.5,0.5,11.75,12373.81613
1.5,0.5,12,11981.10761
1.5,0.5,12.25,11597.32596
1.5,0.5,12.5,11224.16572
1.5,0.5,12.75,10862.60807
1.5,0.5,13,10513.14271
1.5,0.5,13.25,10175.92805
1.5,0.5,13.5,9850.904436
1.5,0.5,13.75,9537.872548
1.5,0.5,14,9236.546765
1.5,0.5,14.25,8946.590806
1.5,0.5,14.5,8667.641111
1.5,0.5,14.75,8399.321858
1.5,0.5,15,8141.254393
1.5,0.6,4,231.6131591
1.5,0.6,4.25,692.8930537
1.5,0.6,4.5,45.57519584
1.5,0.6,4.75,370.1041916
1.5,0.6,5,628.5463606
1.5,0.6,5.25,1022.462949
1.5,0.6,5.5,1517.789403
1.5,0.6,5.75,2012.982924
1.5,0.6,6,2574.780912
1.5,0.6,6.25,3301.023506
1.5,0.6,6.5,4212.674704
1.5,0.6,6.75,5256.523928
1.5,0.6,7,6348.517151
1.5,0.6,7.25,7426.038955
1.5,0.6,7.5,8468.627487
1.5,0.6,7.75,9482.380999
1.5,0.6,8,10475.60878
1.5,0.6,8.25,11444.52346
1.5,0.6,8.5,12370.48551
1.5,0.6,8.75,13224.31208
1.5,0.6,9,13973.61751
1.5,0.6,9.25,14590.3048
1.5,0.6,9.5,15056.12218
1.5,0.6,9.75,15365.13107
1.5,0.6,10,15523.08118
1.5,0.6,10.25,15544.63014
1.5,0.6,10.5,15449.71119
1.5,0.6,10.75,15260.14326
1.5,0.6,11,14997.09005
1.5,0.6,11.25,14679.51073
1.5,0.6,11.5,14323.45608
1.5,0.6,11.75,13941.9562
1.5,0.6,12,13545.25426
1.5,0.6,12.25,13141.20026
1.5,0.6,12.5,12735.68491
1.5,0.6,12.75,12333.04701
1.5,0.6,13,11936.42476
1.5,0.6,13.25,11548.04294
1.5,0.6,13.5,11169.43952
1.5,0.6,13.75,10801.64021
1.5,0.6,14,10445.29067
1.5,0.6,14.25,10100.75548
1.5,0.6,14.5,9768.191827
1.5,0.6,14.75,9447.60404
1.5,0.6,15,9138.884079
1.5,0.7,4,131.1097707
1.5,0.7,4.25,312.4170344
1.5,0.7,4.5,38.6422558
1.5,0.7,4.75,250.8696215
1.5,0.7,5,404.8685448
1.5,0.7,5.25,639.6551291
1.5,0.7,5.5,940.4127501
1.5,0.7,5.75,1244.388725
1.5,0.7,6,1585.158286
1.5,0.7,6.25,2025.28081
1.5,0.7,6.5,2590.404071
1.5,0.7,6.75,3266.407745
1.5,0.7,7,4016.711053
1.5,0.7,7.25,4807.033672
1.5,0.7,7.5,5621.530045
1.5,0.7,7.75,6461.777846
1.5,0.7,8,7336.216609
1.5,0.7,8.25,8250.163581
1.5,0.7,8.5,9200.206273
1.5,0.7,8.75,10172.50949
1.5,0.7,9,11143.82325
1.5,0.7,9.25,12084.35001
1.5,0.7,9.5,12961.80411
1.5,0.7,9.75,13745.85465
1.5,0.7,10,14412.03821
1.5,0.7,10.25,14944.3464
1.5,0.7,10.5,15336.11227
1.5,0.7,10.75,15589.31826
1.5,0.7,11,15712.82047
1.5,0.7,11.25,15720.10918
1.5,0.7,11.5,15627.1328
1.5,0.7,11.75,15450.51083
1.5,0.7,12,15206.25899
1.5,0.7,12.25,14909.00542
1.5,0.7,12.5,14571.60257
1.5,0.7,12.75,14205.01964
1.5,0.7,13,13818.41151
1.5,0.7,13.25,13419.28403
1.5,0.7,13.5,13013.70045
1.5,0.7,13.75,12606.49452
1.5,0.7,14,12201.47116
1.5,0.7,14.25,11801.58529
1.5,0.7,14.5,11409.09622
1.5,0.7,14.75,11025.69779
1.5,0.7,15,10652.62667
1.5,0.8,4,80.4257885
1.5,0.8,4.25,163.9595207
1.5,0.8,4.5,30.38835724
1.5,0.8,4.75,163.2980731
1.5,0.8,5,251.4005843
1.5,0.8,5.25,384.4282242
1.5,0.8,5.5,555.0640469
1.5,0.8,5.75,726.5022664
1.5,0.8,6,914.9491598
1.5,0.8,6.25,1155.843762
1.5,0.8,6.5,1466.676502
1.5,0.8,6.75,1845.020833
1.5,0.8,7,2276.372167
1.5,0.8,7.25,2745.169926
1.5,0.8,7.5,3243.417483
1.5,0.8,7.75,3772.46969
1.5,0.8,8,4339.637397
1.5,0.8,8.25,4953.705505
1.5,0.8,8.5,5621.637526
1.5,0.8,8.75,6346.698453
1.5,0.8,9,7127.527419
1.5,0.8,9.25,7957.779948
1.5,0.8,9.5,8826.198424
1.5,0.8,9.75,9717.092225
1.5,0.8,10,10611.25447
1.5,0.8,10.25,11487.26877
1.5,0.8,10.5,12323.08939
1.5,0.8,10.75,13097.70515
1.5,0.8,11,13792.66875
1.5,0.8,11.25,14393.29662
1.5,0.8,11.5,14889.41128
1.5,0.8,11.75,15275.58657
1.5,0.8,12,15550.9404
1.5,0.8,12.25,15718.57907
1.5,0.8,12.5,15784.82425
1.5,0.8,12.75,15758.35156
1.5,0.8,13,15649.34597
1.5,0.8,13.25,15468.74776
1.5,0.8,13.5,15227.62972
1.5,0.8,13.75,14936.71978
1.5,0.8,14,14606.06375
1.5,0.8,14.25,14244.81127
1.5,0.8,14.5,13861.10271
1.5,0.8,14.75,13462.03366
1.5,0.8,15,13053.67561
2,0.1,4,4453.748988
2,0.1,4.25,7664.566819
2,0.1,4.5,6687.994401
2,0.1,4.75,3618.618168
2,0.1,5,904.4064986
2,0.1,5.25,8.462867384
2,0.1,5.5,442.6901998
2,0.1,5.75,1602.831129
2,0.1,6,3155.249799
2,0.1,6.25,4903.663001
2,0.1,6.5,6572.503681
2,0.1,6.75,7982.760411
2,0.1,7,9132.817823
2,0.1,7.25,10097.07703
2,0.1,7.5,10935.61296
2,0.1,7.75,11673.02713
2,0.1,8,12309.82667
2,0.1,8.25,12838.00367
2,0.1,8.5,13251.65197
2,0.1,8.75,13551.64277
2,0.1,9,13745.89794
2,0.1,9.25,13847.32717
2,0.1,9.5,13871.1489
2,0.1,9.75,13832.63245
2,0.1,10,13745.63174
2,0.1,10.25,13621.88085
2,0.1,10.5,13470.84022
2,0.1,10.75,13299.86737
2,0.1,11,13114.53643
2,0.1,11.25,12918.99381
2,0.1,11.5,12716.28917
2,0.1,11.75,12508.65563
2,0.1,12,12297.73302
2,0.1,12.25,12084.73855
2,0.1,12.5,11870.5929
2,0.1,12.75,11656.01098
2,0.1,13,11441.56565
2,0.1,13.25,11227.73132
2,0.1,13.5,11014.91312
2,0.1,13.75,10803.46585
2,0.1,14,10593.70589
2,0.1,14.25,10385.9185
2,0.1,14.5,10180.36207
2,0.1,14.75,9977.270463
2,0.1,15,9776.854369
2,0.2,4,2856.008819
2,0.2,4.25,6801.142651
2,0.2,4.5,8866.325181
2,0.2,4.75,6010.089693
2,0.2,5,1273.791623
2,0.2,5.25,11.57853756
2,0.2,5.5,452.0778787
2,0.2,5.75,1562.845018
2,0.2,6,3002.602092
2,0.2,6.25,4634.542807
2,0.2,6.5,6239.187156
2,0.2,6.75,7647.481038
2,0.2,7,8834.394463
2,0.2,7.25,9853.310763
2,0.2,7.5,10755.49665
2,0.2,7.75,11563.24246
2,0.2,8,12275.71776
2,0.2,8.25,12882.40064
2,0.2,8.5,13373.75213
2,0.2,8.75,13746.80991
2,0.2,9,14006.36634
2,0.2,9.25,14163.39466
2,0.2,9.5,14232.40941
2,0.2,9.75,14228.95918
2,0.2,10,14167.81036
2,0.2,10.25,14061.92178
2,0.2,10.5,13922.05532
2,0.2,10.75,13756.80139
2,0.2,11,13572.82532
2,0.2,11.25,13375.1982
2,0.2,11.5,13167.73122
2,0.2,11.75,12953.27314
2,0.2,12,12733.95589
2,0.2,12.25,12511.38754
2,0.2,12.5,12286.79856
2,0.2,12.75,12061.14955
2,0.2,13,11835.20867
2,0.2,13.25,11609.60624
2,0.2,13.5,11384.87234
2,0.2,13.75,11161.46228
2,0.2,14,10939.77361
2,0.2,14.25,10720.1572
2,0.2,14.5,10502.92441
2,0.2,14.75,10288.35178
2,0.2,15,10076.68415
2,0.3,4,1336.279941
2,0.3,4.25,3212.821081
2,0.3,4.5,6859.042076
2,0.3,4.75,11097.75319
2,0.3,5,2141.56002
2,0.3,5.25,15.33489848
2,0.3,5.5,448.3196029
2,0.3,5.75,1442.149462
2,0.3,6,2678.425543
2,0.3,6.25,4096.451573
2,0.3,6.5,5551.679792
2,0.3,6.75,6901.203617
2,0.3,7,8097.959968
2,0.3,7.25,9166.830094
2,0.3,7.5,10143.88789
2,0.3,7.75,11046.25976
2,0.3,8,11870.67723
2,0.3,8.25,12602.80708
2,0.3,8.5,13227.09561
2,0.3,8.75,13733.38531
2,0.3,9,14119.64138
2,0.3,9.25,14391.57301
2,0.3,9.5,14560.49619
2,0.3,9.75,14640.71892
2,0.3,10,14647.27322
2,0.3,10.25,14594.34941
2,0.3,10.5,14494.43509
2,0.3,10.75,14357.99873
2,0.3,11,14193.52258
2,0.3,11.25,14007.72095
2,0.3,11.5,13805.83005
2,0.3,11.75,13591.90173
2,0.3,12,13369.06666
2,0.3,12.25,13139.75384
2,0.3,12.5,12905.86513
2,0.3,12.75,12668.90943
2,0.3,13,12430.10312
2,0.3,13.25,12190.44379
2,0.3,13.5,11950.76348
2,0.3,13.75,11711.76661
2,0.3,14,11474.05682
2,0.3,14.25,11238.15586
2,0.3,14.5,11004.51694
2,0.3,14.75,10773.53429
2,0.3,15,10545.55015
2,0.4,4,600.246433
2,0.4,4.25,1286.79013
2,0.4,4.5,2989.698141
2,0.4,4.75,8654.254249
2,0.4,5,4661.56532
2,0.4,5.25,19.75372705
2,0.4,5.5,424.8489249
2,0.4,5.75,1249.298304
2,0.4,6,2228.101351
2,0.4,6.25,3364.232941
2,0.4,6.5,4582.570776
2,0.4,6.75,5780.910839
2,0.4,7,6906.990535
2,0.4,7.25,7963.086083
2,0.4,7.5,8969.547131
2,0.4,7.75,9937.822391
2,0.4,8,10863.32811
2,0.4,8.25,11729.47445
2,0.4,8.5,12515.0405
2,0.4,8.75,13200.90243
2,0.4,9,13774.40974
2,0.4,9.25,14231.03248
2,0.4,9.5,14573.76904
2,0.4,9.75,14811.24879
2,0.4,10,14955.44133
2,0.4,10.25,15019.61789
2,0.4,10.5,15016.85965
2,0.4,10.75,14959.14838
2,0.4,11,14856.93445
2,0.4,11.25,14719.03479
2,0.4,11.5,14552.7265
2,0.4,11.75,14363.93575
2,0.4,12,14157.4569
2,0.4,12.25,13937.16441
2,0.4,12.5,13706.1996
2,0.4,12.75,13467.12618
2,0.4,13,13222.05473
2,0.4,13.25,12972.73984
2,0.4,13.5,12720.65447
2,0.4,13.75,12467.04611
2,0.4,14,12212.97905
2,0.4,14.25,11959.3661
2,0.4,14.5,11706.99255
2,0.4,14.75,11456.53447
2,0.4,15,11208.57305
2,0.5,4,293.765076
2,0.5,4.25,578.1901154
2,0.5,4.5,1285.705685
2,0.5,4.75,3173.012922
2,0.5,5,12616.05777
2,0.5,5.25,24.71934035
2,0.5,5.5,381.4879007
2,0.5,5.75,1017.147048
2,0.5,6,1736.763756
2,0.5,6.25,2578.928848
2,0.5,6.5,3515.012557
2,0.5,6.75,4483.179505
2,0.5,7,5441.843474
2,0.5,7.25,6384.240685
2,0.5,7.5,7321.125047
2,0.5,7.75,8261.446512
2,0.5,8,9203.449521
2,0.5,8.25,10134.19491
2,0.5,8.5,11033.1718
2,0.5,8.75,11877.17044
2,0.5,9,12644.80388
2,0.5,9.25,13319.74987
2,0.5,9.5,13892.32664
2,0.5,9.75,14359.52622
2,0.5,10,14723.95893
2,0.5,10.25,14992.27978
2,0.5,10.5,15173.5724
2,0.5,10.75,15277.98498
2,0.5,11,15315.73554
2,0.5,11.25,15296.48029
2,0.5,11.5,15228.97682
2,0.5,11.75,15120.95661
2,0.5,12,14979.12946
2,0.5,12.25,14809.26068
2,0.5,12.5,14616.28031
2,0.5,12.75,14404.39948
2,0.5,13,14177.22005
2,0.5,13.25,13937.83114
2,0.5,13.5,13688.8908
2,0.5,13.75,13432.69335
2,0.5,14,13171.22406
2,0.5,14.25,12906.20347
2,0.5,14.5,12639.12324
2,0.5,14.75,12371.27547
2,0.5,15,12103.77699
2,0.6,4,159.1177455
2,0.6,4.25,295.6367208
2,0.6,4.5,627.6389841
2,0.6,4.75,1292.423116
2,0.6,5,9072.295466
2,0.6,5.25,29.98874618
2,0.6,5.5,323.5871144
2,0.6,5.75,782.0731382
2,0.6,6,1278.418154
2,0.6,6.25,1861.316005
2,0.6,6.5,2525.127061
2,0.6,6.75,3236.699177
2,0.6,7,3969.256469
2,0.6,7.25,4716.151468
2,0.6,7.5,5484.317888
2,0.6,7.75,6282.677343
2,0.6,8,7114.754256
2,0.6,8.25,7976.202248
2,0.6,8.5,8855.332931
2,0.6,8.75,9735.127945
2,0.6,9,10595.85543
2,0.6,9.25,11417.71345
2,0.6,9.5,12183.0584
2,0.6,9.75,12877.92825
2,0.6,10,13492.75988
2,0.6,10.25,14022.38686
2,0.6,10.5,14465.52315
2,0.6,10.75,14823.97239
2,0.6,11,15101.76895
2,0.6,11.25,15304.39043
2,0.6,11.5,15438.11309
2,0.6,11.75,15509.52901
2,0.6,12,15525.2118
2,0.6,12.25,15491.50272
2,0.6,12.5,15414.38615
2,0.6,12.75,15299.42695
2,0.6,13,15151.74758
2,0.6,13.25,14976.02945
2,0.6,13.5,14776.52775
2,0.6,13.75,14557.09307
2,0.6,14,14321.19589
2,0.6,14.25,14071.95177
2,0.6,14.5,13812.14621
2,0.6,14.75,13544.25872
2,0.6,15,13270.48593
2,0.7,4,93.72669521
2,0.7,4.25,166.0155452
2,0.7,4.5,338.6479341
2,0.7,4.75,616.8941202
2,0.7,5,2637.71219
2,0.7,5.25,35.29319233
2,0.7,5.5,258.432929
2,0.7,5.75,568.1482721
2,0.7,6,890.1052248
2,0.7,6.25,1267.920594
2,0.7,6.5,1703.987781
2,0.7,6.75,2181.533222
2,0.7,7,2685.105473
2,0.7,7.25,3210.343432
2,0.7,7.5,3762.136432
2,0.7,7.75,4348.520874
2,0.7,8,4975.92409
2,0.7,8.25,5646.883302
2,0.7,8.5,6359.46407
2,0.7,8.75,7107.574818
2,0.7,9,7881.733711
2,0.7,9.25,8670.06662
2,0.7,9.5,9459.392894
2,0.7,9.75,10236.27211
2,0.7,10,10987.90849
2,0.7,10.25,11702.83827
2,0.7,10.5,12371.37311
2,0.7,10.75,12985.81337
2,0.7,11,13540.47338
2,0.7,11.25,14031.57345
2,0.7,11.5,14457.05138
2,0.7,11.75,14816.3364
2,0.7,12,15110.11555
2,0.7,12.25,15340.11015
2,0.7,12.5,15508.87136
2,0.7,12.75,15619.59724
2,0.7,13,15675.97103
2,0.7,13.25,15682.0188
2,0.7,13.5,15641.98459
2,0.7,13.75,15560.22159
2,0.7,14,15441.09827
2,0.7,14.25,15288.91876
2,0.7,14.5,15107.85687
2,0.7,14.75,14901.90323
2,0.7,15,14674.82483
2,0.8,4,58.00244004
2,0.8,4.25,97.56050798
2,0.8,4.5,191.0401189
2,0.8,4.75,317.0444445
2,0.8,5,942.9152816
2,0.8,5.25,40.65709371
2,0.8,5.5,191.3351406
2,0.8,5.75,383.1596316
2,0.8,6,575.1638186
2,0.8,6.25,799.5530816
2,0.8,6.5,1059.80673
2,0.8,6.75,1347.583338
2,0.8,7,1654.417447
2,0.8,7.25,1977.605561
2,0.8,7.5,2319.98697
2,0.8,7.75,2687.047261
2,0.8,8,3084.349845
2,0.8,8.25,3516.142053
2,0.8,8.5,3984.846699
2,0.8,8.75,4491.013663
2,0.8,9,5033.470612
2,0.8,9.25,5609.552429
2,0.8,9.5,6215.360173
2,0.8,9.75,6846.020145
2,0.8,10,7495.931497
2,0.8,10.25,8158.986804
2,0.8,10.5,8828.760339
2,0.8,10.75,9498.66322
2,0.8,11,10162.07003
2,0.8,11.25,10812.42491
2,0.8,11.5,11443.33623
2,0.8,11.75,12048.66769
2,0.8,12,12622.63128
2,0.8,12.25,13159.8839
2,0.8,12.5,13655.6262
2,0.8,12.75,14105.69915
2,0.8,13,14506.67215
2,0.8,13.25,14855.91547
2,0.8,13.5,15151.65077
2,0.8,13.75,15392.97444
2,0.8,14,15579.85099
2,0.8,14.25,15713.07635
2,0.8,14.5,15794.21321
2,0.8,14.75,15825.50294
2,0.8,15,15809.75996
2.5,0.1,4,12.23293899
2.5,0.1,4.25,2430.801072
2.5,0.1,4.5,5994.605602
2.5,0.1,4.75,8577.770151
2.5,0.1,5,8145.194541
2.5,0.1,5.25,6442.333981
2.5,0.1,5.5,3496.695128
2.5,0.1,5.75,1199.267313
2.5,0.1,6,130.2620801
2.5,0.1,6.25,100.3125362
2.5,0.1,6.5,838.9997152
2.5,0.1,6.75,2015.352164
2.5,0.1,7,3364.467987
2.5,0.1,7.25,4745.560158
2.5,0.1,7.5,6096.493988
2.5,0.1,7.75,7384.065081
2.5,0.1,8,8582.510768
2.5,0.1,8.25,9670.123795
2.5,0.1,8.5,10631.66283
2.5,0.1,8.75,11460.36182
2.5,0.1,9,12157.79642
2.5,0.1,9.25,12732.04239
2.5,0.1,9.5,13195.17185
2.5,0.1,9.75,13560.94324
2.5,0.1,10,13843.09204
2.5,0.1,10.25,14054.29088
2.5,0.1,10.5,14205.65532
2.5,0.1,10.75,14306.62136
2.5,0.1,11,14365.03914
2.5,0.1,11.25,14387.36969
2.5,0.1,11.5,14378.91317
2.5,0.1,11.75,14344.02903
2.5,0.1,12,14286.32918
2.5,0.1,12.25,14208.83823
2.5,0.1,12.5,14114.12141
2.5,0.1,12.75,14004.38392
2.5,0.1,13,13881.5466
2.5,0.1,13.25,13747.30279
2.5,0.1,13.5,13603.16047
2.5,0.1,13.75,13450.47358
2.5,0.1,14,13290.46505
2.5,0.1,14.25,13124.24403
2.5,0.1,14.5,12952.81891
2.5,0.1,14.75,12777.10729
2.5,0.1,15,12597.94403
2.5,0.2,4,22.32559748
2.5,0.2,4.25,1920.232843
2.5,0.2,4.5,4651.601239
2.5,0.2,4.75,8418.820608
2.5,0.2,5,9764.604978
2.5,0.2,5.25,8603.427819
2.5,0.2,5.5,4660.201678
2.5,0.2,5.75,1475.770418
2.5,0.2,6,149.4292871
2.5,0.2,6.25,103.6391756
2.5,0.2,6.5,843.8478382
2.5,0.2,6.75,1983.002524
2.5,0.2,7,3270.423918
2.5,0.2,7.25,4587.139587
2.5,0.2,7.5,5884.566509
2.5,0.2,7.75,7136.530352
2.5,0.2,8,8320.219727
2.5,0.2,8.25,9413.786385
2.5,0.2,8.5,10399.39695
2.5,0.2,8.75,11266.11587
2.5,0.2,9,12010.7829
2.5,0.2,9.25,12637.02631
2.5,0.2,9.5,13153.27739
2.5,0.2,9.75,13570.6393
2.5,0.2,10,13901.1192
2.5,0.2,10.25,14156.41252
2.5,0.2,10.5,14347.20529
2.5,0.2,10.75,14482.86994
2.5,0.2,11,14571.41756
2.5,0.2,11.25,14619.59433
2.5,0.2,11.5,14633.04357
2.5,0.2,11.75,14616.48485
2.5,0.2,12,14573.88356
2.5,0.2,12.25,14508.59877
2.5,0.2,12.5,14423.50553
2.5,0.2,12.75,14321.09275
2.5,0.2,13,14203.53943
2.5,0.2,13.25,14072.77301
2.5,0.2,13.5,13930.51362
2.5,0.2,13.75,13778.30725
2.5,0.2,14,13617.55076
2.5,0.2,14.25,13449.51075
2.5,0.2,14.5,13275.33802
2.5,0.2,14.75,13096.0789
2.5,0.2,15,12912.68444
2.5,0.3,4,41.03758614
2.5,0.3,4.25,1243.427211
2.5,0.3,4.5,2754.541469
2.5,0.3,4.75,5799.75512
2.5,0.3,5,9321.654071
2.5,0.3,5.25,11461.24043
2.5,0.3,5.5,7173.069795
2.5,0.3,5.75,1998.933406
2.5,0.3,6,176.1259966
2.5,0.3,6.25,107.0822161
2.5,0.3,6.5,827.6468087
2.5,0.3,6.75,1881.555225
2.5,0.3,7,3050.077989
2.5,0.3,7.25,4246.309923
2.5,0.3,7.5,5439.729924
2.5,0.3,7.75,6613.873896
2.5,0.3,8,7751.073764
2.5,0.3,8.25,8830.979556
2.5,0.3,8.5,9833.840536
2.5,0.3,8.75,10744.0416
2.5,0.3,9,11552.11853
2.5,0.3,9.25,12255.00637
2.5,0.3,9.5,12855.01985
2.5,0.3,9.75,13358.26659
2.5,0.3,10,13773.04047
2.5,0.3,10.25,14108.51319
2.5,0.3,10.5,14373.82145
2.5,0.3,10.75,14577.51971
2.5,0.3,11,14727.31353
2.5,0.3,11.25,14829.98131
2.5,0.3,11.5,14891.40771
2.5,0.3,11.75,14916.67342
2.5,0.3,12,14910.16559
2.5,0.3,12.25,14875.68811
2.5,0.3,12.5,14816.56122
2.5,0.3,12.75,14735.70608
2.5,0.3,13,14635.71384
2.5,0.3,13.25,14518.90058
2.5,0.3,13.5,14387.35008
2.5,0.3,13.75,14242.94696
2.5,0.3,14,14087.40205
2.5,0.3,14.25,13922.27219
2.5,0.3,14.5,13748.9756
2.5,0.3,14.75,13568.80431
2.5,0.3,15,13382.93437
2.5,0.4,4,79.65105337
2.5,0.4,4.25,720.3166043
2.5,0.4,4.5,1434.211869
2.5,0.4,4.75,3000.290823
2.5,0.4,5,5733.856852
2.5,0.4,5.25,10376.66819
2.5,0.4,5.5,11825.53535
2.5,0.4,5.75,3048.609476
2.5,0.4,6,212.3502887
2.5,0.4,6.25,109.2594255
2.5,0.4,6.5,783.8335917
2.5,0.4,6.75,1708.320197
2.5,0.4,7,2710.09723
2.5,0.4,7.25,3736.781612
2.5,0.4,7.5,4775.808143
2.5,0.4,7.75,5821.185161
2.5,0.4,8,6862.554071
2.5,0.4,8.25,7884.240672
2.5,0.4,8.5,8867.971327
2.5,0.4,8.75,9796.212
2.5,0.4,9,10654.73379
2.5,0.4,9.25,11433.93038
2.5,0.4,9.5,12128.96988
2.5,0.4,9.75,12739.15562
2.5,0.4,10,13266.90692
2.5,0.4,10.25,13716.69625
2.5,0.4,10.5,14094.13654
2.5,0.4,10.75,14405.29555
2.5,0.4,11,14656.23626
2.5,0.4,11.25,14852.74364
2.5,0.4,11.5,15000.18753
2.5,0.4,11.75,15103.47515
2.5,0.4,12,15167.05703
2.5,0.4,12.25,15194.96054
2.5,0.4,12.5,15190.83449
2.5,0.4,12.75,15157.99488
2.5,0.4,13,15099.46682
2.5,0.4,13.25,15018.02031
2.5,0.4,13.5,14916.19968
2.5,0.4,13.75,14796.34703
2.5,0.4,14,14660.62088
2.5,0.4,14.25,14511.01085
2.5,0.4,14.5,14349.34962
2.5,0.4,14.75,14177.32276
2.5,0.4,15,13996.47728
2.5,0.5,4,168.9144102
2.5,0.5,4.25,409.2875132
2.5,0.5,4.5,751.7199204
2.5,0.5,4.75,1485.957881
2.5,0.5,5,2853.59501
2.5,0.5,5.25,5628.729909
2.5,0.5,5.5,13099.87285
2.5,0.5,5.75,5469.744936
2.5,0.5,6,261.9147334
2.5,0.5,6.25,109.008594
2.5,0.5,6.5,712.3870641
2.5,0.5,6.75,1478.626188
2.5,0.5,7,2287.456203
2.5,0.5,7.25,3115.894234
2.5,0.5,7.5,3964.998611
2.5,0.5,7.75,4837.275223
2.5,0.5,8,5729.908953
2.5,0.5,8.25,6634.168648
2.5,0.5,8.5,7537.138428
2.5,0.5,8.75,8424.079727
2.5,0.5,9,9280.601906
2.5,0.5,9.25,10094.24425
2.5,0.5,9.5,10855.34662
2.5,0.5,9.75,11557.2891
2.5,0.5,10,12196.27356
2.5,0.5,10.25,12770.85371
2.5,0.5,10.5,13281.38102
2.5,0.5,10.75,13729.47961
2.5,0.5,11,14117.60791
2.5,0.5,11.25,14448.72489
2.5,0.5,11.5,14726.05397
2.5,0.5,11.75,14952.92665
2.5,0.5,12,15132.68516
2.5,0.5,12.25,15268.62557
2.5,0.5,12.5,15363.9664
2.5,0.5,12.75,15421.83223
2.5,0.5,13,15445.24504
2.5,0.5,13.25,15437.11897
2.5,0.5,13.5,15400.25624
2.5,0.5,13.75,15337.34309
2.5,0.5,14,15250.94542
2.5,0.5,14.25,15143.50453
2.5,0.5,14.5,15017.33304
2.5,0.5,14.75,14874.61153
2.5,0.5,15,14717.38611
2.5,0.6,4,402.0487221
2.5,0.6,4.25,239.0342414
2.5,0.6,4.5,415.2596527
2.5,0.6,4.75,776.7538363
2.5,0.6,5,1429.71203
2.5,0.6,5.25,2647.728966
2.5,0.6,5.5,6741.110983
2.5,0.6,5.75,11572.00685
2.5,0.6,6,332.8674066
2.5,0.6,6.25,105.4928647
2.5,0.6,6.5,618.3708686
2.5,0.6,6.75,1216.744668
2.5,0.6,7,1830.36382
2.5,0.6,7.25,2456.553714
2.5,0.6,7.5,3103.89373
2.5,0.6,7.75,3779.585208
2.5,0.6,8,4486.149875
2.5,0.6,8.25,5221.254737
2.5,0.6,8.5,5978.675513
2.5,0.6,8.75,6749.614365
2.5,0.6,9,7524.012976
2.5,0.6,9.25,8291.67028
2.5,0.6,9.5,9043.066736
2.5,0.6,9.75,9769.877887
2.5,0.6,10,10465.20834
2.5,0.6,10.25,11123.61683
2.5,0.6,10.5,11741.00776
2.5,0.6,10.75,12314.45658
2.5,0.6,11,12842.01831
2.5,0.6,11.25,13322.54952
2.5,0.6,11.5,13755.5582
2.5,0.6,11.75,14141.08509
2.5,0.6,12,14479.61322
2.5,0.6,12.25,14771.99977
2.5,0.6,12.5,15019.4236
2.5,0.6,12.75,15223.34256
2.5,0.6,13,15385.45607
2.5,0.6,13.25,15507.67
2.5,0.6,13.5,15592.06195
2.5,0.6,13.75,15640.84644
2.5,0.6,14,15656.33995
2.5,0.6,14.25,15640.92633
2.5,0.6,14.5,15597.02344
2.5,0.6,14.75,15527.05167
2.5,0.6,15,15433.40522
2.5,0.7,4,1081.663672
2.5,0.7,4.25,144.8086841
2.5,0.7,4.5,240.8777351
2.5,0.7,4.75,428.8175614
2.5,0.7,5,751.9089115
2.5,0.7,5.25,1287.103898
2.5,0.7,5.5,2794.914428
2.5,0.7,5.75,14031.11439
2.5,0.7,6,445.8028844
2.5,0.7,6.25,98.17794449
2.5,0.7,6.5,508.8160582
2.5,0.7,6.75,945.6042849
2.5,0.7,7,1379.656807
2.5,0.7,7.25,1819.349994
2.5,0.7,7.5,2275.412952
2.5,0.7,7.75,2755.99122
2.5,0.7,8,3265.745912
2.5,0.7,8.25,3806.081741
2.5,0.7,8.5,4375.741471
2.5,0.7,8.75,4971.48563
2.5,0.7,9,5588.742623
2.5,0.7,9.25,6222.174226
2.5,0.7,9.5,6866.126628
2.5,0.7,9.75,7514.95933
2.5,0.7,10,8163.257476
2.5,0.7,10.25,8805.94812
2.5,0.7,10.5,9438.345862
2.5,0.7,10.75,10056.15402
2.5,0.7,11,10655.44378
2.5,0.7,11.25,11232.62792
2.5,0.7,11.5,11784.43975
2.5,0.7,11.75,12307.92252
2.5,0.7,12,12800.43029
2.5,0.7,12.25,13259.63886
2.5,0.7,12.5,13683.56326
2.5,0.7,12.75,14070.57806
2.5,0.7,13,14419.43654
2.5,0.7,13.25,14729.28532
2.5,0.7,13.5,14999.67185
2.5,0.7,13.75,15230.54313
2.5,0.7,14,15422.23488
2.5,0.7,14.25,15575.45126
2.5,0.7,14.5,15691.23611
2.5,0.7,14.75,15770.93702
2.5,0.7,15,15816.16404
2.5,0.8,4,3121.813792
2.5,0.8,4.25,89.17402342
2.5,0.8,4.5,142.0505216
2.5,0.8,4.75,240.3635567
2.5,0.8,5,400.3815876
2.5,0.8,5.25,637.1118135
2.5,0.8,5.5,1183.767374
2.5,0.8,5.75,4594.353944
2.5,0.8,6,674.5161
2.5,0.8,6.25,86.50123385
2.5,0.8,6.5,388.7866352
2.5,0.8,6.75,678.8040046
2.5,0.8,7,957.1974408
2.5,0.8,7.25,1236.00062
2.5,0.8,7.5,1524.553098
2.5,0.8,7.75,1829.461155
2.5,0.8,8,2154.994904
2.5,0.8,8.25,2503.526815
2.5,0.8,8.5,2875.958284
2.5,0.8,8.75,3272.099889
2.5,0.8,9,3690.992348
2.5,0.8,9.25,4131.165369
2.5,0.8,9.5,4590.835025
2.5,0.8,9.75,5068.04316
2.5,0.8,10,5560.745413
2.5,0.8,10.25,6066.856443
2.5,0.8,10.5,6584.262817
2.5,0.8,10.75,7110.814019
2.5,0.8,11,7644.30116
2.5,0.8,11.25,8182.431464
2.5,0.8,11.5,8722.804813
2.5,0.8,11.75,9262.896891
2.5,0.8,12,9800.051953
2.5,0.8,12.25,10331.48691
2.5,0.8,12.5,10854.30739
2.5,0.8,12.75,11365.53545
2.5,0.8,13,11862.14801
2.5,0.8,13.25,12341.1242
2.5,0.8,13.5,12799.49962
2.5,0.8,13.75,13234.42467
2.5,0.8,14,13643.22431
2.5,0.8,14.25,14023.45611
2.5,0.8,14.5,14372.96376
2.5,0.8,14.75,14689.9234
2.5,0.8,15,14972.88056
3,0.1,4,6525.942638
3,0.1,4.25,2541.64473
3,0.1,4.5,249.0847186
3,0.1,4.75,3519.396298
3,0.1,5,6915.008661
3,0.1,5.25,9555.216162
3,0.1,5.5,9873.983519
3,0.1,5.75,8270.391309
3,0.1,6,5956.885974
3,0.1,6.25,3550.841486
3,0.1,6.5,1565.341926
3,0.1,6.75,369.5933237
3,0.1,7,0.039485672
3,0.1,7.25,284.5362796
3,0.1,7.5,1020.164716
3,0.1,7.75,2041.312225
3,0.1,8,3222.876003
3,0.1,8.25,4470.771638
3,0.1,8.5,5715.480137
3,0.1,8.75,6908.463468
3,0.1,9,8019.073297
3,0.1,9.25,9030.987272
3,0.1,9.5,9938.388616
3,0.1,9.75,10742.4439
3,0.1,10,11448.45577
3,0.1,10.25,12063.80569
3,0.1,10.5,12596.60454
3,0.1,10.75,13054.88979
3,0.1,11,13446.20196
3,0.1,11.25,13777.40261
3,0.1,11.5,14054.63364
3,0.1,11.75,14283.35166
3,0.1,12,14468.39602
3,0.1,12.25,14614.06702
3,0.1,12.5,14724.20163
3,0.1,12.75,14802.24097
3,0.1,13,14851.28766
3,0.1,13.25,14874.1532
3,0.1,13.5,14873.39638
3,0.1,13.75,14851.35424
3,0.1,14,14810.16702
3,0.1,14.25,14751.79836
3,0.1,14.5,14678.05182
3,0.1,14.75,14590.58478
3,0.1,15,14490.92014
3,0.2,4,5390.273377
3,0.2,4.25,5485.347748
3,0.2,4.5,257.0329245
3,0.2,4.75,3018.575027
3,0.2,5,6094.317413
3,0.2,5.25,9391.124971
3,0.2,5.5,11091.69503
3,0.2,5.75,10020.16048
3,0.2,6,7327.753747
3,0.2,6.25,4272.445707
3,0.2,6.5,1808.088906
3,0.2,6.75,409.2834542
3,0.2,7,0.071305887
3,0.2,7.25,290.0294059
3,0.2,7.5,1021.199839
3,0.2,7.75,2016.10163
3,0.2,8,3155.688148
3,0.2,8.25,4356.408698
3,0.2,8.5,5557.995821
3,0.2,8.75,6717.926994
3,0.2,9,7808.263033
3,0.2,9.25,8812.855323
3,0.2,9.5,9724.498541
3,0.2,9.75,10542.23996
3,0.2,10,11269.10324
3,0.2,10.25,11910.35619
3,0.2,10.5,12472.30661
3,0.2,10.75,12961.53436
3,0.2,11,13384.44531
3,0.2,11.25,13747.04324
3,0.2,11.5,14054.83817
3,0.2,11.75,14312.83376
3,0.2,12,14525.5558
3,0.2,12.25,14697.09851
3,0.2,12.5,14831.17519
3,0.2,12.75,14931.1663
3,0.2,13,15000.16179
3,0.2,13.25,15040.99682
3,0.2,13.5,15056.28112
3,0.2,13.75,15048.42277
3,0.2,14,15019.64752
3,0.2,14.25,14972.01441
3,0.2,14.5,14907.42878
3,0.2,14.75,14827.65318
3,0.2,15,14734.31681
3,0.3,4,2144.652928
3,0.3,4.25,10338.16822
3,0.3,4.5,250.4696569
3,0.3,4.75,2213.823288
3,0.3,5,4441.604921
3,0.3,5.25,7572.300727
3,0.3,5.5,11008.72341
3,0.3,5.75,12141.58634
3,0.3,6,9758.267043
3,0.3,6.25,5634.405043
3,0.3,6.5,2229.396229
3,0.3,6.75,467.8332342
3,0.3,7,0.10597264
3,0.3,7.25,293.2926211
3,0.3,7.5,1002.437077
3,0.3,7.75,1939.227705
3,0.3,8,2997.42066
3,0.3,8.25,4109.907562
3,0.3,8.5,5229.962163
3,0.3,8.75,6323.950568
3,0.3,9,7368.330119
3,0.3,9.25,8347.830956
3,0.3,9.5,9253.800967
3,0.3,9.75,10082.57948
3,0.3,10,10834.00933
3,0.3,10.25,11510.20516
3,0.3,10.5,12114.61862
3,0.3,10.75,12651.38214
3,0.3,11,13124.88048
3,0.3,11.25,13539.49166
3,0.3,11.5,13899.44455
3,0.3,11.75,14208.75138
3,0.3,12,14471.18523
3,0.3,12.25,14690.28197
3,0.3,12.5,14869.35398
3,0.3,12.75,15011.5078
3,0.3,13,15119.66176
3,0.3,13.25,15196.56154
3,0.3,13.5,15244.79295
3,0.3,13.75,15266.79219
3,0.3,14,15264.85378
3,0.3,14.25,15241.13688
3,0.3,14.5,15197.67035
3,0.3,14.75,15136.35713
3,0.3,15,15058.97826
3,0.4,4,794.6604469
3,0.4,4.25,3099.366478
3,0.4,4.5,224.2348239
3,0.4,4.75,1439.179852
3,0.4,5,2757.229413
3,0.4,5.25,4832.815206
3,0.4,5.5,8179.401751
3,0.4,5.75,12020.21008
3,0.4,6,12834.64107
3,0.4,6.25,8135.665852
3,0.4,6.5,2959.245358
3,0.4,6.75,550.8052458
3,0.4,7,0.139387553
3,0.4,7.25,291.865936
3,0.4,7.5,957.9032013
3,0.4,7.75,1804.696907
3,0.4,8,2744.750289
3,0.4,8.25,3730.385963
3,0.4,8.5,4730.131655
3,0.4,8.75,5720.75031
3,0.4,9,6684.650034
3,0.4,9.25,7608.899105
3,0.4,9.5,8484.555101
3,0.4,9.75,9305.977153
3,0.4,10,10070.10912
3,0.4,10.25,10775.80834
3,0.4,10.5,11423.27511
3,0.4,10.75,12013.60613
3,0.4,11,12548.46795
3,0.4,11.25,13029.87173
3,0.4,11.5,13460.02589
3,0.4,11.75,13841.24419
3,0.4,12,14175.89094
3,0.4,12.25,14466.34916
3,0.4,12.5,14715.00215
3,0.4,12.75,14924.22192
3,0.4,13,15096.36061
3,0.4,13.25,15233.74281
3,0.4,13.5,15338.65771
3,0.4,13.75,15413.35094
3,0.4,14,15460.01609
3,0.4,14.25,15480.78626
3,0.4,14.5,15477.72602
3,0.4,14.75,15452.82412
3,0.4,15,15407.98707
3,0.5,4,348.1718977
3,0.5,4.25,952.133602
3,0.5,4.5,183.9730298
3,0.5,4.75,883.6275032
3,0.5,5,1597.149896
3,0.5,5.25,2728.477179
3,0.5,5.5,4764.263193
3,0.5,5.75,8262.637037
3,0.5,6,12964.60774
3,0.5,6.25,12200.0899
3,0.5,6.5,4318.491125
3,0.5,6.75,670.4644505
3,0.5,7,0.168677211
3,0.5,7.25,284.018054
3,0.5,7.5,886.2618347
3,0.5,7.75,1617.450868
3,0.5,8,2412.495773
3,0.5,8.25,3242.663795
3,0.5,8.5,4090.58041
3,0.5,8.75,4943.02226
3,0.5,9,5788.999355
3,0.5,9.25,6619.34495
3,0.5,9.5,7426.620717
3,0.5,9.75,8205.002097
3,0.5,10,8950.085544
3,0.5,10.25,9658.652878
3,0.5,10.5,10328.43357
3,0.5,10.75,10957.89437
3,0.5,11,11546.06974
3,0.5,11.25,12092.43463
3,0.5,11.5,12596.81444
3,0.5,11.75,13059.32401
3,0.5,12,13480.3273
3,0.5,12.25,13860.41024
3,0.5,12.5,14200.36114
3,0.5,12.75,14501.15444
3,0.5,13,14763.93504
3,0.5,13.25,14990.00178
3,0.5,13.5,15180.78935
3,0.5,13.75,15337.84871
3,0.5,14,15462.82615
3,0.5,14.25,15557.44175
3,0.5,14.5,15623.46782
3,0.5,14.75,15662.70776
3,0.5,15,15676.97619
3,0.6,4,177.6885568
3,0.6,4.25,404.3119689
3,0.6,4.5,140.4047007
3,0.6,4.75,535.5285698
3,0.6,5,917.9887542
3,0.6,5.25,1505.916763
3,0.6,5.5,2552.917798
3,0.6,5.75,4480.48286
3,0.6,6,8321.015662
3,0.6,6.25,14423.43882
3,0.6,6.5,7167.65824
3,0.6,6.75,854.8951164
3,0.6,7,0.191783118
3,0.6,7.25,268.6699245
3,0.6,7.5,789.5894001
3,0.6,7.75,1389.093974
3,0.6,8,2025.342105
3,0.6,8.25,2685.394462
3,0.6,8.5,3362.776174
3,0.6,8.75,4052.223234
3,0.6,9,4748.631798
3,0.6,9.25,5447.041603
3,0.6,9.5,6142.795214
3,0.6,9.75,6831.654459
3,0.6,10,7509.836264
3,0.6,10.25,8173.990872
3,0.6,10.5,8821.150074
3,0.6,10.75,9448.668447
3,0.6,11,10054.17177
3,0.6,11.25,10635.51931
3,0.6,11.5,11190.7814
3,0.6,11.75,11718.2307
3,0.6,12,12216.34372
3,0.6,12.25,12683.8092
3,0.6,12.5,13119.53951
3,0.6,12.75,13522.68233
3,0.6,13,13892.63006
3,0.6,13.25,14229.02544
3,0.6,13.5,14531.76242
3,0.6,13.75,14800.98169
3,0.6,14,15037.06118
3,0.6,14.25,15240.60173
3,0.6,14.5,15412.40875
3,0.6,14.75,15553.47073
3,0.6,15,15664.93539
3,0.7,4,101.3517335
3,0.7,4.25,206.9445784
3,0.7,4.5,101.4093447
3,0.7,4.75,324.60342
3,0.7,5,531.1403025
3,0.7,5.25,836.4795475
3,0.7,5.5,1357.234177
3,0.7,5.75,2275.59702
3,0.7,6,4113.644468
3,0.7,6.25,9061.260271
3,0.7,6.5,13073.43687
3,0.7,6.75,1181.48423
3,0.7,7,0.207606124
3,0.7,7.25,245.0845821
3,0.7,7.5,671.3611567
3,0.7,7.75,1132.651407
3,0.7,8,1608.625889
3,0.7,8.25,2097.675753
3,0.7,8.5,2600.278086
3,0.7,8.75,3116.253156
3,0.7,9,3644.596598
3,0.7,9.25,4183.749809
3,0.7,9.5,4731.859425
3,0.7,9.75,5286.949987
3,0.7,10,5847.01447
3,0.7,10.25,6410.049489
3,0.7,10.5,6974.057847
3,0.7,10.75,7537.036151
3,0.7,11,8096.959247
3,0.7,11.25,8651.768475
3,0.7,11.5,9199.367312
3,0.7,11.75,9737.625653
3,0.7,12,10264.39254
3,0.7,12.25,10777.51622
3,0.7,12.5,11274.87006
3,0.7,12.75,11754.38245
3,0.7,13,12214.06891
3,0.7,13.25,12652.06464
3,0.7,13.5,13066.65581
3,0.7,13.75,13456.30818
3,0.7,14,13819.69186
3,0.7,14.25,14155.7012
3,0.7,14.5,14463.46917
3,0.7,14.75,14742.37603
3,0.7,15,14992.05195
3,0.8,4,61.6597413
3,0.8,4.25,115.8443137
3,0.8,4.5,69.38605941
3,0.8,4.75,192.9321472
3,0.8,5,301.5859419
3,0.8,5.25,455.939289
3,0.8,5.5,706.7953031
3,0.8,5.75,1119.629345
3,0.8,6,1866.17776
3,0.8,6.25,3722.928207
3,0.8,6.5,12620.40109
3,0.8,6.75,1959.543393
3,0.8,7,0.216078938
3,0.8,7.25,211.9558503
3,0.8,7.5,533.1657057
3,0.8,7.75,856.2873924
3,0.8,8,1178.767337
3,0.8,8.25,1505.65203
3,0.8,8.5,1840.706003
3,0.8,8.75,2186.0625
3,0.8,9,2542.739271
3,0.8,9.25,2911.079439
3,0.8,9.5,3291.038559
3,0.8,9.75,3682.355089
3,0.8,10,4084.641627
3,0.8,10.25,4497.427165
3,0.8,10.5,4920.169804
3,0.8,10.75,5352.253102
3,0.8,11,5792.974504
3,0.8,11.25,6241.53116
3,0.8,11.5,6697.00634
3,0.8,11.75,7158.358357
3,0.8,12,7624.413053
3,0.8,12.25,8093.860431
3,0.8,12.5,8565.255683
3,0.8,12.75,9037.024699
3,0.8,13,9507.473994
3,0.8,13.25,9974.804877
3,0.8,13.5,10437.13159
3,0.8,13.75,10892.50306
3,0.8,14,11338.92764
3,0.8,14.25,11774.40046
3,0.8,14.5,12196.93242
3,0.8,14.75,12604.58015
3,0.8,15,12995.47607
3.5,0.1,4,1938.726471
3.5,0.1,4.25,7115.966612
3.5,0.1,4.5,5962.042731
3.5,0.1,4.75,563.3653763
3.5,0.1,5,930.4646765
3.5,0.1,5.25,4620.410399
3.5,0.1,5.5,8071.421521
3.5,0.1,5.75,10048.88652
3.5,0.1,6,10681.22097
3.5,0.1,6.25,10039.21065
3.5,0.1,6.5,8304.406564
3.5,0.1,6.75,5999.69325
3.5,0.1,7,3733.268437
3.5,0.1,7.25,1911.102029
3.5,0.1,7.5,696.5518034
3.5,0.1,7.75,95.29106221
3.5,0.1,8,33.81112537
3.5,0.1,8.25,405.4736984
3.5,0.1,8.5,1096.326115
3.5,0.1,8.75,2000.537414
3.5,0.1,9,3028.964266
3.5,0.1,9.25,4112.272214
3.5,0.1,9.5,5200.168066
3.5,0.1,9.75,6258.490913
3.5,0.1,10,7265.601517
3.5,0.1,10.25,8208.969232
3.5,0.1,10.5,9082.360271
3.5,0.1,10.75,9883.711233
3.5,0.1,11,10613.61194
3.5,0.1,11.25,11274.26783
3.5,0.1,11.5,11868.81284
3.5,0.1,11.75,12400.86638
3.5,0.1,12,12874.25427
3.5,0.1,12.25,13292.83696
3.5,0.1,12.5,13660.40661
3.5,0.1,12.75,13980.62753
3.5,0.1,13,14257.00347
3.5,0.1,13.25,14492.86135
3.5,0.1,13.5,14691.34495
3.5,0.1,13.75,14855.41457
3.5,0.1,14,14987.85003
3.5,0.1,14.25,15091.2559
3.5,0.1,14.5,15168.06774
3.5,0.1,14.75,15220.5591
3.5,0.1,15,15250.84877
3.5,0.2,4,1370.838136
3.5,0.2,4.25,5633.41751
3.5,0.2,4.5,8822.740464
3.5,0.2,4.75,792.5286476
3.5,0.2,5,905.7079397
3.5,0.2,5.25,4134.990492
3.5,0.2,5.5,7524.081471
3.5,0.2,5.75,10058.37244
3.5,0.2,6,11432.26964
3.5,0.2,6.25,11322.65834
3.5,0.2,6.5,9640.527625
3.5,0.2,6.75,6984.681811
3.5,0.2,7,4274.704787
3.5,0.2,7.25,2132.057756
3.5,0.2,7.5,755.9749705
3.5,0.2,7.75,101.1253506
3.5,0.2,8,34.54436191
3.5,0.2,8.25,409.9576051
3.5,0.2,8.5,1095.074848
3.5,0.2,8.75,1980.163344
3.5,0.2,9,2979.420647
3.5,0.2,9.25,4029.085565
3.5,0.2,9.5,5083.993244
3.5,0.2,9.75,6113.65271
3.5,0.2,10,7098.544529
3.5,0.2,10.25,8027.002981
3.5,0.2,10.5,8892.786267
3.5,0.2,10.75,9693.28602
3.5,0.2,11,10428.26143
3.5,0.2,11.25,11098.97176
3.5,0.2,11.5,11707.59591
3.5,0.2,11.75,12256.85115
3.5,0.2,12,12749.74617
3.5,0.2,12.25,13189.42291
3.5,0.2,12.5,13579.05599
3.5,0.2,12.75,13921.78912
3.5,0.2,13,14220.69503
3.5,0.2,13.25,14478.7503
3.5,0.2,13.5,14698.81971
3.5,0.2,13.75,14883.64668
3.5,0.2,14,15035.84767
3.5,0.2,14.25,15157.9094
3.5,0.2,14.5,15252.18795
3.5,0.2,14.75,15320.90929
3.5,0.2,15,15366.17095
3.5,0.3,4,779.5191203
3.5,0.3,4.25,2714.077155
3.5,0.3,4.5,7927.852904
3.5,0.3,4.75,1356.875137
3.5,0.3,5,818.2724707
3.5,0.3,5.25,3278.244826
3.5,0.3,5.5,6144.73125
3.5,0.3,5.75,8983.020099
3.5,0.3,6,11398.46624
3.5,0.3,6.25,12612.51684
3.5,0.3,6.5,11662.49431
3.5,0.3,6.75,8706.498939
3.5,0.3,7,5234.262069
3.5,0.3,7.25,2502.236897
3.5,0.3,7.5,846.2919352
3.5,0.3,7.75,108.7299686
3.5,0.3,8,35.38442965
3.5,0.3,8.25,410.9721477
3.5,0.3,8.5,1076.859036
3.5,0.3,8.75,1920.472871
3.5,0.3,9,2862.934771
3.5,0.3,9.25,3849.569732
3.5,0.3,9.5,4843.04287
3.5,0.3,9.75,5818.371365
3.5,0.3,10,6759.277119
3.5,0.3,10.25,7655.537397
3.5,0.3,10.5,8501.087713
3.5,0.3,10.75,9292.687113
3.5,0.3,11,10028.99508
3.5,0.3,11.25,10709.94252
3.5,0.3,11.5,11336.3079
3.5,0.3,11.75,11909.43376
3.5,0.3,12,12431.03721
3.5,0.3,12.25,12903.0827
3.5,0.3,12.5,13327.69538
3.5,0.3,12.75,13707.10072
3.5,0.3,13,14043.58112
3.5,0.3,13.25,14339.4436
3.5,0.3,13.5,14596.99479
3.5,0.3,13.75,14818.52104
3.5,0.3,14,15006.2722
3.5,0.3,14.25,15162.44827
3.5,0.3,14.5,15289.18837
3.5,0.3,14.75,15388.56187
3.5,0.3,15,15462.56122
3.5,0.4,4,408.0931104
3.5,0.4,4.25,1147.187738
3.5,0.4,4.5,3292.383635
3.5,0.4,4.75,3154.725108
3.5,0.4,5,679.777007
3.5,0.4,5.25,2326.452184
3.5,0.4,5.5,4341.309142
3.5,0.4,5.75,6756.092858
3.5,0.4,6,9567.405874
3.5,0.4,6.25,12370.92776
3.5,0.4,6.5,13592.20853
3.5,0.4,6.75,11351.10293
3.5,0.4,7,6878.693045
3.5,0.4,7.25,3104.289285
3.5,0.4,7.5,976.6356652
3.5,0.4,7.75,117.9075703
3.5,0.4,8,36.13249377
3.5,0.4,8.25,405.9851144
3.5,0.4,8.5,1036.349016
3.5,0.4,8.75,1814.743303
3.5,0.4,9,2672.710112
3.5,0.4,9.25,3567.10618
3.5,0.4,9.5,4470.013822
3.5,0.4,9.75,5363.063161
3.5,0.4,10,6234.060748
3.5,0.4,10.25,7074.895008
3.5,0.4,10.5,7880.192955
3.5,0.4,10.75,8646.443266
3.5,0.4,11,9371.419295
3.5,0.4,11.25,10053.79866
3.5,0.4,11.5,10692.91236
3.5,0.4,11.75,11288.57879
3.5,0.4,12,11840.99299
3.5,0.4,12.25,12350.65096
3.5,0.4,12.5,12818.29601
3.5,0.4,12.75,13244.87854
3.5,0.4,13,13631.52378
3.5,0.4,13.25,13979.50428
3.5,0.4,13.5,14290.21518
3.5,0.4,13.75,14565.15126
3.5,0.4,14,14805.88541
3.5,0.4,14.25,15014.0483
3.5,0.4,14.5,15191.30935
3.5,0.4,14.75,15339.35909
3.5,0.4,15,15459.89311
3.5,0.5,4,217.5611826
3.5,0.5,4.25,529.5478184
3.5,0.5,4.5,1308.881025
3.5,0.5,4.75,11184.75057
3.5,0.5,5,524.0748162
3.5,0.5,5.25,1534.768183
3.5,0.5,5.5,2774.697751
3.5,0.5,5.75,4390.420469
3.5,0.5,6,6579.965195
3.5,0.5,6.25,9594.20558
3.5,0.5,6.5,13094.51399
3.5,0.5,6.75,14193.71159
3.5,0.5,7,9681.593049
3.5,0.5,7.25,4129.076778
3.5,0.5,7.5,1168.051424
3.5,0.5,7.75,128.7748362
3.5,0.5,8,36.61520779
3.5,0.5,8.25,393.2714335
3.5,0.5,8.5,971.4183875
3.5,0.5,8.75,1663.119268
3.5,0.5,9,2413.045284
3.5,0.5,9.25,3190.476906
3.5,0.5,9.5,3977.083776
3.5,0.5,9.75,4761.230634
3.5,0.5,10,5535.125733
3.5,0.5,10.25,6293.294249
3.5,0.5,10.5,7031.714501
3.5,0.5,10.75,7747.310089
3.5,0.5,11,8437.645125
3.5,0.5,11.25,9100.740777
3.5,0.5,11.5,9734.966236
3.5,0.5,11.75,10338.9757
3.5,0.5,12,10911.67343
3.5,0.5,12.25,11452.19513
3.5,0.5,12.5,11959.89821
3.5,0.5,12.75,12434.35586
3.5,0.5,13,12875.35194
3.5,0.5,13.25,13282.87471
3.5,0.5,13.5,13657.10867
3.5,0.5,13.75,13998.42391
3.5,0.5,14,14307.36317
3.5,0.5,14.25,14584.62685
3.5,0.5,14.5,14831.05641
3.5,0.5,14.75,15047.61669
3.5,0.5,15,15235.37764
3.5,0.6,4,122.9466279
3.5,0.6,4.25,273.184399
3.5,0.6,4.5,604.6553619
3.5,0.6,4.75,7562.42848
3.5,0.6,5,380.9097016
3.5,0.6,5.25,974.1131225
3.5,0.6,5.5,1689.482249
3.5,0.6,5.75,2636.559205
3.5,0.6,6,3966.337675
3.5,0.6,6.25,5996.48395
3.5,0.6,6.5,9276.783699
3.5,0.6,6.75,13773.3508
3.5,0.6,7,13733.05241
3.5,0.6,7.25,6053.359448
3.5,0.6,7.5,1469.51669
3.5,0.6,7.75,141.8810431
3.5,0.6,8,36.6764935
3.5,0.6,8.25,371.6264559
3.5,0.6,8.5,882.0118271
3.5,0.6,8.75,1469.939757
3.5,0.6,9,2094.781366
3.5,0.6,9.25,2737.636869
3.5,0.6,9.5,3388.672002
3.5,0.6,9.75,4042.156157
3.5,0.6,10,4694.339286
3.5,0.6,10.25,5342.469998
3.5,0.6,10.5,5984.310729
3.5,0.6,10.75,6617.887533
3.5,0.6,11,7241.359463
3.5,0.6,11.25,7852.953312
3.5,0.6,11.5,8450.936097
3.5,0.6,11.75,9033.610063
3.5,0.6,12,9599.321186
3.5,0.6,12.25,10146.47539
3.5,0.6,12.5,10673.55868
3.5,0.6,12.75,11179.15838
3.5,0.6,13,11661.98383
3.5,0.6,13.25,12120.88487
3.5,0.6,13.5,12554.8675
3.5,0.6,13.75,12963.10602
3.5,0.6,14,13344.95127
3.5,0.6,14.25,13699.93504
3.5,0.6,14.5,14027.7707
3.5,0.6,14.75,14328.35019
3.5,0.6,15,14601.7379
3.5,0.7,4,73.93399178
3.5,0.7,4.25,153.4878492
3.5,0.7,4.5,313.0995864
3.5,0.7,4.75,1815.739704
3.5,0.7,5,263.5492256
3.5,0.7,5.25,602.6266621
3.5,0.7,5.5,1002.35523
3.5,0.7,5.75,1523.238979
3.5,0.7,6,2239.570914
3.5,0.7,6.25,3321.670361
3.5,0.7,6.5,5169.588858
3.5,0.7,6.75,8760.450306
3.5,0.7,7,14714.6326
3.5,0.7,7.25,10098.50014
3.5,0.7,7.5,2017.217597
3.5,0.7,7.75,158.7553651
3.5,0.7,8,36.15135784
3.5,0.7,8.25,339.9053829
3.5,0.7,8.5,768.6468322
3.5,0.7,8.75,1240.612669
3.5,0.7,9,1730.25235
3.5,0.7,9.25,2228.769896
3.5,0.7,9.5,2732.91118
3.5,0.7,9.75,3241.35268
3.5,0.7,10,3753.422858
3.5,0.7,10.25,4268.616518
3.5,0.7,10.5,4786.400829
3.5,0.7,10.75,5306.136549
3.5,0.7,11,5827.048105
3.5,0.7,11.25,6348.216246
3.5,0.7,11.5,6868.58224
3.5,0.7,11.75,7386.958745
3.5,0.7,12,7902.044985
3.5,0.7,12.25,8412.444915
3.5,0.7,12.5,8916.687571
3.5,0.7,12.75,9413.248931
3.5,0.7,13,9900.574761
3.5,0.7,13.25,10377.1039
3.5,0.7,13.5,10841.29152
3.5,0.7,13.75,11291.63174
3.5,0.7,14,11726.67937
3.5,0.7,14.25,12145.07001
3.5,0.7,14.5,12545.53838
3.5,0.7,14.75,12926.93436
3.5,0.7,15,13288.23653
3.5,0.8,4,46.29599194
3.5,0.8,4.25,89.92736163
3.5,0.8,4.5,170.3341486
3.5,0.8,4.75,626.5713448
3.5,0.8,5,171.5786493
3.5,0.8,5.25,356.6261165
3.5,0.8,5.5,569.2591317
3.5,0.8,5.75,838.0198003
3.5,0.8,6,1191.715508
3.5,0.8,6.25,1697.00412
3.5,0.8,6.5,2511.449126
3.5,0.8,6.75,4079.870366
3.5,0.8,7,8022.945379
3.5,0.8,7.25,15654.66049
3.5,0.8,7.5,3355.722387
3.5,0.8,7.75,184.0337403
3.5,0.8,8,34.78743007
3.5,0.8,8.25,295.8257958
3.5,0.8,8.5,629.4305761
3.5,0.8,8.75,976.5201583
3.5,0.8,9,1325.915653
3.5,0.8,9.25,1676.52993
3.5,0.8,9.5,2029.417805
3.5,0.8,9.75,2385.885093
3.5,0.8,10,2747.042465
3.5,0.8,10.25,3113.730376
3.5,0.8,10.5,3486.535361
3.5,0.8,10.75,3865.822169
3.5,0.8,11,4251.762517
3.5,0.8,11.25,4644.357197
3.5,0.8,11.5,5043.452366
3.5,0.8,11.75,5448.751666
3.5,0.8,12,5859.825613
3.5,0.8,12.25,6276.119383
3.5,0.8,12.5,6696.959841
3.5,0.8,12.75,7121.562395
3.5,0.8,13,7549.03814
3.5,0.8,13.25,7978.401592
3.5,0.8,13.5,8408.57924
3.5,0.8,13.75,8838.419063
3.5,0.8,14,9266.701086
3.5,0.8,14.25,9692.148987
3.5,0.8,14.5,10113.44272
3.5,0.8,14.75,10529.23204
3.5,0.8,15,10938.15079
4,0.1,4,3504.103677
4,0.1,4.25,1335.499597
4,0.1,4.5,6627.538812
4,0.1,4.75,8223.411924
4,0.1,5,3187.025502
4,0.1,5.25,9.968266481
4,0.1,5.5,1805.012444
4,0.1,5.75,5311.675518
4,0.1,6,8526.792189
4,0.1,6.25,10743.75234
4,0.1,6.5,11649.19117
4,0.1,6.75,11281.35443
4,0.1,7,9953.218342
4,0.1,7.25,8069.309666
4,0.1,7.5,5998.33407
4,0.1,7.75,4029.036036
4,0.1,8,2363.787962
4,0.1,8.25,1121.402586
4,0.1,8.5,345.2055338
4,0.1,8.75,18.29121947
4,0.1,9,83.94709259
4,0.1,9.25,466.1047031
4,0.1,9.5,1085.440796
4,0.1,9.75,1869.483225
4,0.1,10,2757.376604
4,0.1,10.25,3700.957372
4,0.1,10.5,4663.772798
4,0.1,10.75,5619.232109
4,0.1,11,6548.595669
4,0.1,11.25,7439.148191
4,0.1,11.5,8282.681986
4,0.1,11.75,9074.301447
4,0.1,12,9811.510292
4,0.1,12.25,10493.52835
4,0.1,12.5,11120.78637
4,0.1,12.75,11694.55506
4,0.1,13,12216.67393
4,0.1,13.25,12689.35343
4,0.1,13.5,13115.03088
4,0.1,13.75,13496.26582
4,0.1,14,13835.66421
4,0.1,14.25,14135.82391
4,0.1,14.5,14399.29594
4,0.1,14.75,14628.55727
4,0.1,15,14825.99237
4,0.2,4,7900.226152
4,0.2,4.25,1124.629398
4,0.2,4.5,5254.89568
4,0.2,4.75,9903.238915
4,0.2,5,4676.478586
4,0.2,5.25,11.73052742
4,0.2,5.5,1735.495618
4,0.2,5.75,4923.814733
4,0.2,6,8083.241927
4,0.2,6.25,10665.72686
4,0.2,6.5,12159.39981
4,0.2,6.75,12268.58032
4,0.2,7,11103.95042
4,0.2,7.25,9089.360959
4,0.2,7.5,6734.929664
4,0.2,7.75,4470.112198
4,0.2,8,2578.934402
4,0.2,8.25,1201.096114
4,0.2,8.5,363.2422874
4,0.2,8.75,19.00721047
4,0.2,9,85.36273669
4,0.2,9.25,469.1907091
4,0.2,9.5,1083.168525
4,0.2,9.75,1853.124032
4,0.2,10,2719.894805
4,0.2,10.25,3638.28294
4,0.2,10.5,4574.837559
4,0.2,10.75,5505.431421
4,0.2,11,6413.078273
4,0.2,11.25,7286.1407
4,0.2,11.5,8116.932554
4,0.2,11.75,8900.661493
4,0.2,12,9634.642626
4,0.2,12.25,10317.71904
4,0.2,12.5,10949.83624
4,0.2,12.75,11531.72943
4,0.2,13,12064.69312
4,0.2,13.25,12550.41052
4,0.2,13.5,12990.82669
4,0.2,13.75,13388.05373
4,0.2,14,13744.29962
4,0.2,14.25,14061.81487
4,0.2,14.5,14342.85238
4,0.2,14.75,14589.63754
4,0.2,15,14804.34607
4,0.3,4,4710.238317
4,0.3,4.25,801.9395809
4,0.3,4.5,3040.039228
4,0.3,4.75,7937.619572
4,0.3,5,8369.174829
4,0.3,5.25,14.11906569
4,0.3,5.5,1561.561059
4,0.3,5.75,4170.603597
4,0.3,6,6975.7031
4,0.3,6.25,9763.924123
4,0.3,6.5,12051.18121
4,0.3,6.75,13167.19823
4,0.3,7,12671.44067
4,0.3,7.25,10721.15182
4,0.3,7.5,7986.016828
4,0.3,7.75,5220.489182
4,0.3,8,2932.508798
4,0.3,8.25,1324.436524
4,0.3,8.5,388.8198195
4,0.3,8.75,19.87600702
4,0.3,9,86.70395268
4,0.3,9.25,468.6381477
4,0.3,9.5,1067.290109
4,0.3,9.75,1807.367931
4,0.3,10,2633.26755
4,0.3,10.25,3504.763533
4,0.3,10.5,4393.115965
4,0.3,10.75,5277.964726
4,0.3,11,6144.997702
4,0.3,11.25,6984.255428
4,0.3,11.5,7788.918749
4,0.3,11.75,8554.447796
4,0.3,12,9277.970556
4,0.3,12.25,9957.846503
4,0.3,12.5,10593.35231
4,0.3,12.75,11184.45272
4,0.3,13,11731.63091
4,0.3,13.25,12235.761
4,0.3,13.5,12698.01048
4,0.3,13.75,13119.76442
4,0.3,14,13502.56569
4,0.3,14.25,13848.06734
4,0.3,14.5,14157.99426
4,0.3,14.75,14434.1121
4,0.3,15,14678.20218
4,0.4,4,1144.554073
4,0.4,4.25,507.2153892
4,0.4,4.5,1512.588415
4,0.4,4.75,3868.204195
4,0.4,5,12641.16074
4,0.4,5.25,17.07676844
4,0.4,5.5,1305.487691
4,0.4,5.75,3215.636231
4,0.4,6,5376.849357
4,0.4,6.25,7880.453924
4,0.4,6.5,10582.81924
4,0.4,6.75,12929.34185
4,0.4,7,13954.36258
4,0.4,7.25,12862.30782
4,0.4,7.5,9936.679664
4,0.4,7.75,6437.04112
4,0.4,8,3486.79724
4,0.4,8.25,1504.081439
4,0.4,8.5,422.3245989
4,0.4,8.75,20.81779224
4,0.4,9,87.56217863
4,0.4,9.25,462.1449448
4,0.4,9.5,1033.225443
4,0.4,9.75,1725.911982
4,0.4,10,2490.172295
4,0.4,10.25,3292.406913
4,0.4,10.5,4109.795745
4,0.4,10.75,4926.620089
4,0.4,11,5731.893128
4,0.4,11.25,6517.833078
4,0.4,11.5,7278.87389
4,0.4,11.75,8011.018525
4,0.4,12,8711.411142
4,0.4,12.25,9378.049751
4,0.4,12.5,10009.58943
4,0.4,12.75,10605.2042
4,0.4,13,11164.48714
4,0.4,13.25,11687.37556
4,0.4,13.5,12174.09285
4,0.4,13.75,12625.10152
4,0.4,14,13041.06409
4,0.4,14.25,13422.80952
4,0.4,14.5,13771.30387
4,0.4,14.75,14087.62435
4,0.4,15,14372.93611
4,0.5,4,402.6139045
4,0.5,4.25,304.9487012
4,0.5,4.5,759.2430583
4,0.5,4.75,1727.279328
4,0.5,5,6864.415055
4,0.5,5.25,20.5629692
4,0.5,5.5,1020.474692
4,0.5,5.75,2295.009268
4,0.5,6,3755.866641
4,0.5,6.25,5592.524011
4,0.5,6.5,7927.257224
4,0.5,6.75,10712.96748
4,0.5,7,13406.88168
4,0.5,7.25,14564.51351
4,0.5,7.5,12643.99282
4,0.5,7.75,8420.352165
4,0.5,8,4380.418277
4,0.5,8.25,1769.479076
4,0.5,8.5,465.8929031
4,0.5,8.75,21.79573348
4,0.5,9,87.60458218
4,0.5,9.25,448.1113833
4,0.5,9.5,978.5652241
4,0.5,9.75,1606.793027
4,0.5,10,2290.164286
4,0.5,10.25,3002.710115
4,0.5,10.5,3728.025394
4,0.5,10.75,4455.321127
4,0.5,11,5177.19059
4,0.5,11.25,5888.321531
4,0.5,11.5,6584.741107
4,0.5,11.75,7263.366954
4,0.5,12,7921.737401
4,0.5,12.25,8557.847967
4,0.5,12.5,9170.051515
4,0.5,12.75,9756.996553
4,0.5,13,10317.58828
4,0.5,13.25,10850.96288
4,0.5,13.5,11356.46933
4,0.5,13.75,11833.65501
4,0.5,14,12282.25322
4,0.5,14.25,12702.17113
4,0.5,14.5,13093.47766
4,0.5,14.75,13456.39103
4,0.5,15,13791.26573
4,0.6,4,184.6601846
4,0.6,4.25,182.8128937
4,0.6,4.5,403.9350195
4,0.6,4.75,835.6909518
4,0.6,5,2597.022288
4,0.6,5.25,24.49449643
4,0.6,5.5,753.6422569
4,0.6,5.75,1549.120045
4,0.6,6,2449.337461
4,0.6,6.25,3608.143664
4,0.6,6.5,5178.196729
4,0.6,6.75,7343.935752
4,0.6,7,10251.98527
4,0.6,7.25,13533.62879
4,0.6,7.5,14984.22105
4,0.6,7.75,11580.59608
4,0.6,8,5937.409891
4,0.6,8.25,2188.701825
4,0.6,8.5,524.6739135
4,0.6,8.75,22.80005914
4,0.6,9,86.52410547
4,0.6,9.25,425.24316
4,0.6,9.5,902.0114145
4,0.6,9.75,1450.369713
4,0.6,10,2036.54965
4,0.6,10.25,2642.493634
4,0.6,10.5,3257.986882
4,0.6,10.75,3876.861652
4,0.6,11,4495.093825
4,0.6,11.25,5109.816829
4,0.6,11.5,5718.798509
4,0.6,11.75,6320.160185
4,0.6,12,6912.226377
4,0.6,12.25,7493.446776
4,0.6,12.5,8062.358811
4,0.6,12.75,8617.573153
4,0.6,13,9157.771997
4,0.6,13.25,9681.714164
4,0.6,13.5,10188.24344
4,0.6,13.75,10676.29792
4,0.6,14,11144.9191
4,0.6,14.25,11593.25976
4,0.6,14.5,12020.59029
4,0.6,14.75,12426.30314
4,0.6,15,12809.91532
4,0.7,4,99.50191546
4,0.7,4.25,111.2313916
4,0.7,4.5,226.3095642
4,0.7,4.75,436.5142595
4,0.7,5,1106.432083
4,0.7,5.25,28.79671293
4,0.7,5.5,528.1663636
4,0.7,5.75,998.8305037
4,0.7,6,1518.167594
4,0.7,6.25,2179.867391
4,0.7,6.5,3078.171711
4,0.7,6.75,4357.23344
4,0.7,7,6268.48024
4,0.7,7.25,9218.728836
4,0.7,7.5,13320.26079
4,0.7,7.75,15110.17955
4,0.7,8,8970.69884
4,0.7,8.25,2947.365588
4,0.7,8.5,611.3475855
4,0.7,8.75,23.86062774
4,0.7,9,83.96122406
4,0.7,9.25,392.0325351
4,0.7,9.5,802.1183085
4,0.7,9.75,1257.079582
4,0.7,10,1733.031798
4,0.7,10.25,2219.461685
4,0.7,10.5,2711.53685
4,0.7,10.75,3206.915845
4,0.7,11,3704.348063
4,0.7,11.25,4203.033177
4,0.7,11.5,4702.320987
4,0.7,11.75,5201.570816
4,0.7,12,5700.088451
4,0.7,12.25,6197.101847
4,0.7,12.5,6691.756605
4,0.7,12.75,7183.121651
4,0.7,13,7670.200158
4,0.7,13.25,8151.943092
4,0.7,13.5,8627.263939
4,0.7,13.75,9095.053809
4,0.7,14,9554.196433
4,0.7,14.25,10003.58272
4,0.7,14.5,10442.12464
4,0.7,14.75,10868.76831
4,0.7,15,11282.50605
4,0.8,4,58.54200273
4,0.8,4.25,67.75928129
4,0.8,4.5,128.7069678
4,0.8,4.75,233.9206716
4,0.8,5,511.9135857
4,0.8,5.25,33.64881259
4,0.8,5.5,345.6757856
4,0.8,5.75,604.6472023
4,0.8,6,881.5175571
4,0.8,6.25,1224.611901
4,0.8,6.5,1676.970768
4,0.8,6.75,2304.216806
4,0.8,7,3231.092541
4,0.8,7.25,4730.242608
4,0.8,7.5,7455.272546
4,0.8,7.75,12573.7429
4,0.8,8,14495.01958
4,0.8,8.25,4751.105015
4,0.8,8.5,765.1635395
4,0.8,8.75,25.10456668
4,0.8,9,79.28508983
4,0.8,9.25,345.4291944
4,0.8,9.5,674.4606733
4,0.8,9.75,1022.956129
4,0.8,10,1377.525335
4,0.8,10.25,1734.317981
4,0.8,10.5,2092.674981
4,0.8,10.75,2452.966796
4,0.8,11,2815.814921
4,0.8,11.25,3181.80805
4,0.8,11.5,3551.404558
4,0.8,11.75,3924.906775
4,0.8,12,4302.462437
4,0.8,12.25,4684.075567
4,0.8,12.5,5069.619676
4,0.8,12.75,5458.850668
4,0.8,13,5851.418583
4,0.8,13.25,6246.878114
4,0.8,13.5,6644.69806
4,0.8,13.75,7044.27
4,0.8,14,7444.916425
4,0.8,14.25,7845.898568
4,0.8,14.5,8246.424103
4,0.8,14.75,8645.65485
4,0.8,15,9042.714569
